query_id,query,query_clean,expected_policy,query_length_chars,query_length_words,has_typo_like_token,is_unknown,duplicate_group,duplicate_group_size,near_duplicate_group,label_conflict_group,split
1,What is the refund policy for damaged products?,what is the refund policy for damaged products?,Damaged Product Policy,47,8,0,0,1,1,0,0,development
2,My laptop arrived broken. What should I do?,my laptop arrived broken. what should i do?,Damaged Product Policy,43,8,0,0,2,1,0,0,development
3,What happens if my product is damaged?,what happens if my product is damaged?,Damaged Product Policy,38,7,0,0,3,1,0,0,development
4,Can I get a replacement for a defective product?,can i get a replacement for a defective product?,Damaged Product Policy,48,9,0,0,4,1,0,0,development
6,What is your refund policy?,what is your refund policy?,Refund Policy,27,5,0,0,6,1,0,0,development
8,How long does it take to receive a refund?,how long does it take to receive a refund?,Refund Policy,42,9,0,0,8,1,0,0,development
9,When will my refund be processed?,when will my refund be processed?,Refund Policy,33,6,0,0,9,1,0,0,development
11,Can I return my laptop?,can i return my laptop?,Return Policy,23,5,0,0,11,1,0,0,development
12,I want to return my order.,i want to return my order.,Return Policy,26,6,0,0,12,1,0,0,development
13,What is your return policy?,what is your return policy?,Return Policy,27,5,0,0,13,1,0,0,development
14,Can I return a product after delivery?,can i return a product after delivery?,Return Policy,38,7,0,0,14,1,0,0,development
16,How long does shipping take?,how long does shipping take?,Shipping Policy,28,5,0,0,16,1,0,0,development
17,When will my package arrive?,when will my package arrive?,Shipping Policy,28,5,0,0,17,1,0,0,development
18,What are your shipping charges?,what are your shipping charges?,Shipping Policy,31,5,0,0,18,1,0,0,development
19,Do you provide free shipping?,do you provide free shipping?,Shipping Policy,29,5,0,0,19,1,0,0,development
21,Can I cancel my order?,can i cancel my order?,Cancellation Policy,22,5,0,0,21,1,0,0,development
22,What is your cancellation policy?,what is your cancellation policy?,Cancellation Policy,33,5,0,0,22,1,0,0,development
23,Can I cancel after placing an order?,can i cancel after placing an order?,Cancellation Policy,36,7,0,0,23,1,0,0,development
24,How do I cancel my order?,how do i cancel my order?,Cancellation Policy,25,6,0,0,24,1,0,0,development
25,Can I cancel before shipment?,can i cancel before shipment?,Cancellation Policy,29,5,0,0,25,1,0,0,development
26,What is the company's quantum computing policy?,what is the company's quantum computing policy?,Unknown,47,7,0,1,26,1,0,0,development
27,What is your Mars colony insurance policy?,what is your mars colony insurance policy?,Unknown,42,7,0,1,27,1,0,0,development
28,Do you reimburse cryptocurrency mining expenses?,do you reimburse cryptocurrency mining expenses?,Unknown,48,6,0,1,28,1,0,0,development
29,What is your space travel policy?,what is your space travel policy?,Unknown,33,6,0,1,29,1,0,0,development
30,Explain your artificial consciousness policy.,explain your artificial consciousness policy.,Unknown,45,5,0,1,30,1,0,0,development
31,Where can I request a refund?,where can i request a refund?,Refund Policy,29,6,0,0,31,1,0,0,development
32,I received the wrong item and need my money back.,i received the wrong item and need my money back.,Refund Policy,49,10,0,0,32,1,0,0,development
33,Can I receive a refund for a defective product?,can i receive a refund for a defective product?,Refund Policy,47,9,0,0,33,1,0,0,development
34,What is the process for getting a refund?,what is the process for getting a refund?,Refund Policy,41,8,0,0,34,1,0,0,development
35,Is my refund credited to the original payment method?,is my refund credited to the original payment method?,Refund Policy,53,9,0,0,35,1,0,0,development
36,How many days will it take to receive my refund?,how many days will it take to receive my refund?,Refund Policy,48,10,0,0,36,1,0,0,development
37,Can I request a partial refund?,can i request a partial refund?,Refund Policy,31,6,0,0,37,1,0,0,development
39,I have not received my refund yet.,i have not received my refund yet.,Refund Policy,34,7,0,0,39,1,0,0,development
40,What are the conditions for receiving a refund?,what are the conditions for receiving a refund?,Refund Policy,47,8,0,0,40,1,0,0,development
42,What documents are required for returning a product?,what documents are required for returning a product?,Return Policy,52,8,0,0,42,1,0,0,development
43,Can I return an item without the invoice?,can i return an item without the invoice?,Return Policy,41,8,0,0,43,1,0,0,development
44,Is there a return window for electronics?,is there a return window for electronics?,Return Policy,41,7,0,0,44,1,0,0,development
45,Can I return an item purchased during a sale?,can i return an item purchased during a sale?,Return Policy,45,9,0,0,45,1,0,0,development
46,Can I return an opened product?,can i return an opened product?,Return Policy,31,6,0,0,46,1,0,0,development
49,Can I return a damaged accessory?,can i return a damaged accessory?,Return Policy,33,6,0,0,49,1,0,0,development
50,Is pickup available for returned products?,is pickup available for returned products?,Return Policy,42,6,0,0,50,1,0,0,development
51,Do you provide express delivery?,do you provide express delivery?,Shipping Policy,32,5,0,0,51,1,0,0,development
52,How much do you charge for shipping?,how much do you charge for shipping?,Shipping Policy,36,7,0,0,52,1,0,0,development
53,Can I track my order online?,can i track my order online?,Shipping Policy,28,6,0,0,53,1,0,0,development
54,Do you offer same-day delivery?,do you offer same-day delivery?,Shipping Policy,31,5,0,0,54,1,0,0,development
55,How long does standard shipping take?,how long does standard shipping take?,Shipping Policy,37,6,0,0,55,1,0,0,development
56,What if my package is delayed?,what if my package is delayed?,Shipping Policy,30,6,0,0,56,1,0,0,development
57,Can I change my shipping address after placing the order?,can i change my shipping address after placing the order?,Shipping Policy,57,10,0,0,57,1,0,0,development
59,Will I receive a tracking ID?,will i receive a tracking id?,Shipping Policy,29,6,0,0,59,1,0,0,development
60,What are your delivery timelines?,what are your delivery timelines?,Shipping Policy,33,5,0,0,60,1,0,0,development
61,Can I cancel my order after payment?,can i cancel my order after payment?,Cancellation Policy,36,7,0,0,61,1,0,0,development
62,Can I cancel an order that has not been shipped?,can i cancel an order that has not been shipped?,Cancellation Policy,48,10,0,0,62,1,0,0,development
63,What happens if I cancel my order?,what happens if i cancel my order?,Cancellation Policy,34,7,0,0,63,1,0,0,development
64,Will I receive a refund after cancellation?,will i receive a refund after cancellation?,Cancellation Policy,43,7,0,0,64,1,0,0,development
65,Can I cancel only one item from my order?,can i cancel only one item from my order?,Cancellation Policy,41,9,0,0,65,1,0,0,development
66,Is there a cancellation fee?,is there a cancellation fee?,Cancellation Policy,28,5,0,0,66,1,0,0,development
67,Can I cancel an order after dispatch?,can i cancel an order after dispatch?,Cancellation Policy,37,7,0,0,67,1,0,0,development
69,Can I modify my order instead of cancelling it?,can i modify my order instead of cancelling it?,Cancellation Policy,47,9,0,0,69,1,0,0,development
70,What is the deadline for order cancellation?,what is the deadline for order cancellation?,Cancellation Policy,44,7,0,0,70,1,0,0,development
73,I received a defective charger.,i received a defective charger.,Damaged Product Policy,31,5,0,0,73,1,0,0,development
74,Can I replace a damaged product?,can i replace a damaged product?,Damaged Product Policy,32,6,0,0,74,1,0,0,development
75,What if my package arrives in poor condition?,what if my package arrives in poor condition?,Damaged Product Policy,45,8,0,0,75,1,0,0,development
76,I received an item with missing parts.,i received an item with missing parts.,Damaged Product Policy,38,7,0,0,76,1,0,0,development
77,How do I report a damaged item?,how do i report a damaged item?,Damaged Product Policy,31,7,0,0,77,1,0,0,development
79,What proof is required for a damaged product claim?,what proof is required for a damaged product claim?,Damaged Product Policy,51,9,0,0,79,1,0,0,development
80,I received a faulty product and need assistance.,i received a faulty product and need assistance.,Damaged Product Policy,48,8,0,0,80,1,0,0,development
81,I need my money returned because the item is unusable.,i need my money returned because the item is unusable.,Refund Policy,54,10,0,0,81,1,0,0,development
84,The charger is not functioning properly.,the charger is not functioning properly.,Damaged Product Policy,40,6,0,0,84,1,0,0,development
85,I wish to send the item back.,i wish to send the item back.,Return Policy,29,7,0,0,85,1,0,0,development
86,The package has not reached me yet.,the package has not reached me yet.,Shipping Policy,35,7,0,0,86,1,0,0,development
87,Can I withdraw my purchase request?,can i withdraw my purchase request?,Cancellation Policy,35,6,0,0,87,1,0,0,development
88,I received an item with parts missing.,i received an item with parts missing.,Damaged Product Policy,38,7,0,0,88,1,0,0,development
90,My parcel is taking too long to arrive.,my parcel is taking too long to arrive.,Shipping Policy,39,8,0,0,90,1,0,0,development
91,Urgent: Can I recover my payment? because I am confused.,urgent: can i recover my payment? because i am confused.,Refund Policy,56,10,0,0,91,1,0,0,development
96,I need help: Where is my parcel? as soon as possible.,i need help: where is my parcel? as soon as possible.,Shipping Policy,53,11,0,0,95,1,0,0,development
99,I need help: Can I receive compensation for this order? as soon as possible.,i need help: can i receive compensation for this order? as soon as possible.,Refund Policy,76,14,0,0,98,1,0,0,development
100,I placed the wrong order and want to cancel it. as soon as possible.,i placed the wrong order and want to cancel it. as soon as possible.,Cancellation Policy,68,14,0,0,99,1,0,0,development
101,"Please tell me, How do I send back the product? because I am confused.","please tell me, how do i send back the product? because i am confused.",Return Policy,70,14,0,0,100,1,0,0,development
102,Urgent: How do I withdraw my order? as soon as possible.,urgent: how do i withdraw my order? as soon as possible.,Cancellation Policy,56,11,0,0,101,1,0,0,development
104,I need help: Can I return the order after delivery? please.,i need help: can i return the order after delivery? please.,Return Policy,59,11,0,0,103,1,0,0,development
107,Urgent: The item is defective. because I am confused.,urgent: the item is defective. because i am confused.,Damaged Product Policy,53,9,0,0,105,1,0,0,development
108,Urgent: How long for delivry? as soon as possible.,urgent: how long for delivry? as soon as possible.,Shipping Policy,50,9,1,0,106,1,0,0,development
109,Urgent: Can I revoke my order? as soon as possible.,urgent: can i revoke my order? as soon as possible.,Cancellation Policy,51,10,0,0,107,1,0,0,development
110,"Please tell me, I wish to send this item back. because I am confused.","please tell me, i wish to send this item back. because i am confused.",Return Policy,69,14,0,0,108,1,0,0,development
115,I need help: Can I get my mony back? for my recent order.,i need help: can i get my mony back? for my recent order.,Refund Policy,57,13,1,0,111,1,0,0,development
117,Is there any way to reverse this payment? as soon as possible.,is there any way to reverse this payment? as soon as possible.,Refund Policy,62,12,0,0,112,1,0,0,development
119,I need help: Can I cancle before shiping? because I am confused.,i need help: can i cancle before shiping? because i am confused.,Cancellation Policy,64,12,1,0,114,1,0,0,development
122,"Please tell me, How long does a refund take? for my recent order.","please tell me, how long does a refund take? for my recent order.",Refund Policy,65,13,0,0,116,1,0,0,development
124,"Please tell me, When can I expect my order? for my recent order.","please tell me, when can i expect my order? for my recent order.",Shipping Policy,64,13,0,0,117,1,0,0,development
125,"Could you explain, I no longer want this product and want to return it. please.","could you explain, i no longer want this product and want to return it. please.",Return Policy,79,15,0,0,118,1,0,0,development
127,"Could you explain, Can I return this purchase? as soon as possible.","could you explain, can i return this purchase? as soon as possible.",Return Policy,67,12,0,0,120,1,0,0,development
129,I need help: The product has a manufacturing fault.,i need help: the product has a manufacturing fault.,Damaged Product Policy,51,9,0,0,122,1,0,0,development
139,I need help: I don't need this purchase anymore. for my recent order.,i need help: i don't need this purchase anymore. for my recent order.,Cancellation Policy,69,13,0,0,129,1,0,0,development
142,"Please tell me, I received an item with parts missing. for my recent order.","please tell me, i received an item with parts missing. for my recent order.",Damaged Product Policy,75,14,0,0,131,1,0,0,development
149,Urgent: Why is my package delayed? please.,urgent: why is my package delayed? please.,Shipping Policy,42,7,0,0,136,1,0,0,development
150,"Could you explain, The item is defective. because I am confused.","could you explain, the item is defective. because i am confused.",Damaged Product Policy,64,11,0,0,137,1,0,0,development
155,Urgent: How do I send back the product? please.,urgent: how do i send back the product? please.,Return Policy,47,9,0,0,140,1,0,0,development
156,Urgent: I no longer want this product and want to return it. for my recent order.,urgent: i no longer want this product and want to return it. for my recent order.,Return Policy,81,16,0,0,141,1,0,0,development
158,"Could you explain, Can I get my mony back?","could you explain, can i get my mony back?",Refund Policy,42,9,1,0,142,1,0,0,development
163,"Could you explain, Can I track my shipment? please.","could you explain, can i track my shipment? please.",Shipping Policy,51,9,0,0,147,1,0,0,development
164,"Could you explain, What is the return process? please.","could you explain, what is the return process? please.",Return Policy,54,9,0,0,148,1,0,0,development
170,I need help: Can I cancel after payment? because I am confused.,i need help: can i cancel after payment? because i am confused.,Cancellation Policy,63,12,0,0,152,1,0,0,development
171,I need help: I need to send the package back. as soon as possible.,i need help: i need to send the package back. as soon as possible.,Return Policy,66,14,0,0,153,1,0,0,development
175,I need help: How do I withdraw my order? because I am confused.,i need help: how do i withdraw my order? because i am confused.,Cancellation Policy,63,13,0,0,156,1,0,0,development
177,"Could you explain, How long for delivry? for my recent order.","could you explain, how long for delivry? for my recent order.",Shipping Policy,61,11,1,0,157,1,0,0,development
178,My screan is crackd. as soon as possible.,my screan is crackd. as soon as possible.,Damaged Product Policy,41,8,1,0,158,1,0,0,development
180,Can I exchange this product? as soon as possible.,can i exchange this product? as soon as possible.,Return Policy,49,9,0,0,160,1,0,0,development
182,Urgent: Can I trak my shipmnt? because I am confused.,urgent: can i trak my shipmnt? because i am confused.,Shipping Policy,53,10,1,0,161,1,0,0,development
183,"Could you explain, I need my payment returned. because I am confused.","could you explain, i need my payment returned. because i am confused.",Refund Policy,69,12,0,0,162,1,0,0,development
184,"Please tell me, The item is damged. because I am confused.","please tell me, the item is damged. because i am confused.",Damaged Product Policy,58,11,1,0,163,1,0,0,development
187,I need help: The item is defective. because I am confused.,i need help: the item is defective. because i am confused.,Damaged Product Policy,58,11,0,0,166,1,0,0,development
191,Urgent: I received an item with parts missing. because I am confused.,urgent: i received an item with parts missing. because i am confused.,Damaged Product Policy,69,12,0,0,169,1,0,0,development
192,"Please tell me, The product has a manufacturing fault. as soon as possible.","please tell me, the product has a manufacturing fault. as soon as possible.",Damaged Product Policy,75,13,0,0,170,1,0,0,development
195,Urgent: Can I cancel after payment? because I am confused.,urgent: can i cancel after payment? because i am confused.,Cancellation Policy,58,10,0,0,172,1,0,0,development
196,"Please tell me, The laptop arrived broken. for my recent order.","please tell me, the laptop arrived broken. for my recent order.",Damaged Product Policy,63,11,0,0,173,1,0,0,development
205,"Please tell me, Can I rescind the order?","please tell me, can i rescind the order?",Cancellation Policy,40,8,0,0,177,1,0,0,development
206,How do I send back the product?,how do i send back the product?,Return Policy,31,7,0,0,178,1,0,0,development
207,"Could you explain, How do I get reimbursed? please.","could you explain, how do i get reimbursed? please.",Refund Policy,51,9,0,0,179,1,0,0,development
211,"Please tell me, The item is damged.","please tell me, the item is damged.",Damaged Product Policy,35,7,1,0,182,1,0,0,development
215,Urgent: How do I cancle my order? for my recent order.,urgent: how do i cancle my order? for my recent order.,Cancellation Policy,54,11,1,0,184,1,0,0,development
220,"Please tell me, My package has not reached me. for my recent order.","please tell me, my package has not reached me. for my recent order.",Shipping Policy,67,13,0,0,187,1,0,0,development
226,I need help: How do I send back the product? please.,i need help: how do i send back the product? please.,Return Policy,52,11,0,0,191,1,0,0,development
227,"Please tell me, What is the return process? for my recent order.","please tell me, what is the return process? for my recent order.",Return Policy,64,12,0,0,192,1,0,0,development
231,I need help: How do I get reimbursed? because I am confused.,i need help: how do i get reimbursed? because i am confused.,Refund Policy,60,12,0,0,195,1,0,0,development
232,"Please tell me, Do you deliver internationally? as soon as possible.","please tell me, do you deliver internationally? as soon as possible.",Shipping Policy,68,11,0,0,196,1,0,0,development
236,Urgent: The item is damged. because I am confused.,urgent: the item is damged. because i am confused.,Damaged Product Policy,50,9,1,0,198,1,0,0,development
238,I need help: How do I send back the product? for my recent order.,i need help: how do i send back the product? for my recent order.,Return Policy,65,14,0,0,199,1,0,0,development
240,I need help: I need my payment returned.,i need help: i need my payment returned.,Refund Policy,40,8,0,0,200,1,0,0,development
246,"Please tell me, Can I get a refnd?","please tell me, can i get a refnd?",Refund Policy,34,8,1,0,202,1,0,0,development
249,The item is defective. please.,the item is defective. please.,Damaged Product Policy,30,5,0,0,204,1,0,0,development
250,Can I rescind the order? for my recent order.,can i rescind the order? for my recent order.,Cancellation Policy,45,9,0,0,205,1,0,0,development
253,"Could you explain, Can I get a refnd? for my recent order.","could you explain, can i get a refnd? for my recent order.",Refund Policy,58,12,1,0,207,1,0,0,development
256,I need help: When can I expect my order? because I am confused.,i need help: when can i expect my order? because i am confused.,Shipping Policy,63,13,0,0,209,1,0,0,development
262,"Please tell me, Do you deliver internationally? because I am confused.","please tell me, do you deliver internationally? because i am confused.",Shipping Policy,70,11,0,0,212,1,0,0,development
265,Urgent: How do I cancle my order? as soon as possible.,urgent: how do i cancle my order? as soon as possible.,Cancellation Policy,54,11,1,0,215,1,0,0,development
272,"Could you explain, When can I expect my order? because I am confused.","could you explain, when can i expect my order? because i am confused.",Shipping Policy,69,13,0,0,218,1,0,0,development
273,"Please tell me, The screen shattered during shipping. please.","please tell me, the screen shattered during shipping. please.",Damaged Product Policy,61,9,0,0,219,1,0,0,development
274,Urgent: My device became unusable. for my recent order.,urgent: my device became unusable. for my recent order.,Damaged Product Policy,55,9,0,0,220,1,0,0,development
276,"Could you explain, Can I cancel after payment? please.","could you explain, can i cancel after payment? please.",Cancellation Policy,54,9,0,0,221,1,0,0,development
286,The charger stopped functioning. because I am confused.,the charger stopped functioning. because i am confused.,Damaged Product Policy,55,8,0,0,224,1,0,0,development
288,Do you deliver internationally? for my recent order.,do you deliver internationally? for my recent order.,Shipping Policy,52,8,0,0,225,1,0,0,development
289,I need help: Do you deliver internationally? because I am confused.,i need help: do you deliver internationally? because i am confused.,Shipping Policy,67,11,0,0,226,1,0,0,development
298,Where is my parcel? please.,where is my parcel? please.,Shipping Policy,27,5,0,0,231,1,0,0,development
299,Urgent: My device became unusable. as soon as possible.,urgent: my device became unusable. as soon as possible.,Damaged Product Policy,55,9,0,0,232,1,0,0,development
302,"Could you explain, Can I return the order after delivery? please.","could you explain, can i return the order after delivery? please.",Return Policy,65,11,0,0,235,1,0,0,development
305,I need help: What is the return process? for my recent order.,i need help: what is the return process? for my recent order.,Return Policy,61,12,0,0,238,1,0,0,development
307,"Could you explain, How do I withdraw my order? please.","could you explain, how do i withdraw my order? please.",Cancellation Policy,54,10,0,0,240,1,0,0,development
308,Urgent: How long does a refund take? please.,urgent: how long does a refund take? please.,Refund Policy,44,8,0,0,241,1,0,0,development
311,Urgent: I want reimbursement for my purchase. please.,urgent: i want reimbursement for my purchase. please.,Refund Policy,53,8,0,0,244,1,0,0,development
315,Urgent: Can I give this item back? please.,urgent: can i give this item back? please.,Return Policy,42,8,0,0,246,1,0,0,development
316,I need help: How do I cancle my order? please.,i need help: how do i cancle my order? please.,Cancellation Policy,46,10,1,0,247,1,0,0,development
322,"Please tell me, Can I trak my shipmnt? as soon as possible.","please tell me, can i trak my shipmnt? as soon as possible.",Shipping Policy,59,12,1,0,249,1,0,0,development
323,Can I return the order after delivery? because I am confused.,can i return the order after delivery? because i am confused.,Return Policy,61,11,0,0,250,1,0,0,development
324,I need help: Can I return this purchase? please.,i need help: can i return this purchase? please.,Return Policy,48,9,0,0,251,1,0,0,development
325,I need help: Can I get a refnd? for my recent order.,i need help: can i get a refnd? for my recent order.,Refund Policy,52,12,1,0,252,1,0,0,development
331,I need help: How do I send back the product? because I am confused.,i need help: how do i send back the product? because i am confused.,Return Policy,67,14,0,0,255,1,0,0,development
333,"Please tell me, I received an item with parts missing. because I am confused.","please tell me, i received an item with parts missing. because i am confused.",Damaged Product Policy,77,14,0,0,257,1,0,0,development
336,Urgent: Can I trak my shipmnt?,urgent: can i trak my shipmnt?,Shipping Policy,30,6,1,0,259,1,0,0,development
341,"Please tell me, Can I return the order after delivery? please.","please tell me, can i return the order after delivery? please.",Return Policy,62,11,0,0,261,1,0,0,development
343,"Could you explain, The charger stopped functioning. please.","could you explain, the charger stopped functioning. please.",Damaged Product Policy,59,8,0,0,262,1,0,0,development
350,Urgent: My pakage has not arived. because I am confused.,urgent: my pakage has not arived. because i am confused.,Shipping Policy,56,10,1,0,263,1,0,0,development
355,"Please tell me, What is the return process? because I am confused.","please tell me, what is the return process? because i am confused.",Return Policy,66,12,0,0,265,1,0,0,development
358,What is the return process?,what is the return process?,Return Policy,27,5,0,0,266,1,0,0,development
360,I need help: Can I rescind the order?,i need help: can i rescind the order?,Cancellation Policy,37,8,0,0,268,1,0,0,development
362,"Please tell me, Can I get a refnd? because I am confused.","please tell me, can i get a refnd? because i am confused.",Refund Policy,57,12,1,0,269,1,0,0,development
365,Urgent: When can I expect my order? because I am confused.,urgent: when can i expect my order? because i am confused.,Shipping Policy,58,11,0,0,270,1,0,0,development
370,"Could you explain, The screen shattered during shipping. please.","could you explain, the screen shattered during shipping. please.",Damaged Product Policy,64,9,0,0,272,1,0,0,development
377,"Could you explain, I want reimbursement for my purchase. as soon as possible.","could you explain, i want reimbursement for my purchase. as soon as possible.",Refund Policy,77,13,0,0,274,1,0,0,development
380,Urgent: I received an item with parts missing. please.,urgent: i received an item with parts missing. please.,Damaged Product Policy,54,9,0,0,275,1,0,0,development
386,"Please tell me, I wish to send this item back. for my recent order.","please tell me, i wish to send this item back. for my recent order.",Return Policy,67,14,0,0,276,1,0,0,development
387,Urgent: How do I cancle my order? because I am confused.,urgent: how do i cancle my order? because i am confused.,Cancellation Policy,56,11,1,0,277,1,0,0,development
389,"Could you explain, I need my payment returned. for my recent order.","could you explain, i need my payment returned. for my recent order.",Refund Policy,67,12,0,0,278,1,0,0,development
394,"Please tell me, My pakage has not arived. as soon as possible.","please tell me, my pakage has not arived. as soon as possible.",Shipping Policy,62,12,1,0,279,1,0,0,development
395,"Please tell me, Can I get my money back?","please tell me, can i get my money back?",Refund Policy,40,9,0,0,280,1,0,0,development
396,"Please tell me, I need to send the package back. as soon as possible.","please tell me, i need to send the package back. as soon as possible.",Return Policy,69,14,0,0,281,1,0,0,development
397,Can I trak my shipmnt? for my recent order.,can i trak my shipmnt? for my recent order.,Shipping Policy,43,9,1,0,282,1,0,0,development
414,Urgent: I no longer want this product and want to return it. as soon as possible.,urgent: i no longer want this product and want to return it. as soon as possible.,Return Policy,81,16,0,0,284,1,0,0,development
421,Urgent: Can I return the order after delivery? as soon as possible.,urgent: can i return the order after delivery? as soon as possible.,Return Policy,67,12,0,0,286,1,0,0,development
423,The charger stopped functioning. for my recent order.,the charger stopped functioning. for my recent order.,Damaged Product Policy,53,8,0,0,287,1,0,0,development
427,"Please tell me, Can I give this item back? please.","please tell me, can i give this item back? please.",Return Policy,50,10,0,0,289,1,0,0,development
430,"Please tell me, My pakage has not arived.","please tell me, my pakage has not arived.",Shipping Policy,41,8,1,0,290,1,0,0,development
435,I need help: Can I cancle before shiping? please.,i need help: can i cancle before shiping? please.,Cancellation Policy,49,9,1,0,291,1,0,0,development
438,"Please tell me, Can I return this purchase?","please tell me, can i return this purchase?",Return Policy,43,8,0,0,292,1,0,0,development
440,I need help: I want reimbursement for my purchase. because I am confused.,i need help: i want reimbursement for my purchase. because i am confused.,Refund Policy,73,13,0,0,293,1,0,0,development
443,"Please tell me, How do I send back the product? for my recent order.","please tell me, how do i send back the product? for my recent order.",Return Policy,68,14,0,0,294,1,0,0,development
444,"Could you explain, I need to send the package back. please.","could you explain, i need to send the package back. please.",Return Policy,59,11,0,0,295,1,0,0,development
445,I need help: When can I expect my order? for my recent order.,i need help: when can i expect my order? for my recent order.,Shipping Policy,61,13,0,0,296,1,0,0,development
446,The laptop arrived broken. please.,the laptop arrived broken. please.,Damaged Product Policy,34,5,0,0,297,1,0,0,development
447,"Could you explain, Do you deliver internationally? please.","could you explain, do you deliver internationally? please.",Shipping Policy,58,8,0,0,298,1,0,0,development
453,"Please tell me, The laptop arrived broken. because I am confused.","please tell me, the laptop arrived broken. because i am confused.",Damaged Product Policy,65,11,0,0,299,1,0,0,development
456,"Could you explain, Can I retrn this item? because I am confused.","could you explain, can i retrn this item? because i am confused.",Return Policy,64,12,1,0,300,1,0,0,development
457,Urgent: The product is not functioning properly. for my recent order.,urgent: the product is not functioning properly. for my recent order.,Damaged Product Policy,69,11,0,0,301,1,0,0,development
460,I need help: The item is defective. as soon as possible.,i need help: the item is defective. as soon as possible.,Damaged Product Policy,56,11,0,0,302,1,0,0,development
469,"Please tell me, Can I cancle before shiping? as soon as possible.","please tell me, can i cancle before shiping? as soon as possible.",Cancellation Policy,65,12,1,0,304,1,0,0,development
474,"Please tell me, Can I return this purchase? because I am confused.","please tell me, can i return this purchase? because i am confused.",Return Policy,66,12,0,0,305,1,0,0,development
475,"Could you explain, Can I exchange this product? because I am confused.","could you explain, can i exchange this product? because i am confused.",Return Policy,70,12,0,0,306,1,0,0,development
476,"Could you explain, I don't need this purchase anymore. as soon as possible.","could you explain, i don't need this purchase anymore. as soon as possible.",Cancellation Policy,75,13,0,0,307,1,0,0,development
478,Urgent: Can I recover my payment? as soon as possible.,urgent: can i recover my payment? as soon as possible.,Refund Policy,54,10,0,0,308,1,0,0,development
479,I need help: May I withdraw my purchase request? please.,i need help: may i withdraw my purchase request? please.,Cancellation Policy,56,10,0,0,309,1,0,0,development
480,Can I rescind the order? as soon as possible.,can i rescind the order? as soon as possible.,Cancellation Policy,45,9,0,0,310,1,0,0,development
483,"Please tell me, The item is defective.","please tell me, the item is defective.",Damaged Product Policy,38,7,0,0,311,1,0,0,development
484,Can I get my mony back? because I am confused.,can i get my mony back? because i am confused.,Refund Policy,46,10,1,0,312,1,0,0,development
486,Urgent: The product has a manufacturing fault.,urgent: the product has a manufacturing fault.,Damaged Product Policy,46,7,0,0,313,1,0,0,development
488,"Please tell me, Why is my package delayed? as soon as possible.","please tell me, why is my package delayed? as soon as possible.",Shipping Policy,63,12,0,0,314,1,0,0,development
489,"Could you explain, Can I cancel after payment? as soon as possible.","could you explain, can i cancel after payment? as soon as possible.",Cancellation Policy,67,12,0,0,315,1,0,0,development
493,I need help: How do I withdraw my order? as soon as possible.,i need help: how do i withdraw my order? as soon as possible.,Cancellation Policy,61,13,0,0,317,1,0,0,development
495,"Please tell me, May I withdraw my purchase request? please.","please tell me, may i withdraw my purchase request? please.",Cancellation Policy,59,10,0,0,318,1,0,0,development
499,Urgent: The laptop arrived broken. as soon as possible.,urgent: the laptop arrived broken. as soon as possible.,Damaged Product Policy,55,9,0,0,319,1,0,0,development
500,Urgent: Can I revoke my order? for my recent order.,urgent: can i revoke my order? for my recent order.,Cancellation Policy,51,10,0,0,320,1,0,0,development
502,How can I request the money back for my order?,how can i request the money back for my order?,Refund Policy,46,10,0,0,321,1,0,0,development
503,I paid for an order and want the payment refunded.,i paid for an order and want the payment refunded.,Refund Policy,50,10,0,0,322,1,0,0,development
504,What do I need to do to get a refund?,what do i need to do to get a refund?,Refund Policy,37,10,0,0,323,1,0,0,development
506,I would like to get my payment back for this purchase.,i would like to get my payment back for this purchase.,Refund Policy,54,11,0,0,325,1,0,0,development
507,How do I ask for my money to be refunded?,how do i ask for my money to be refunded?,Refund Policy,41,10,0,0,326,1,0,0,development
508,Is it possible to receive the money back from my order?,is it possible to receive the money back from my order?,Refund Policy,55,11,0,0,327,1,0,0,development
510,What's the procedure for getting a refund?,what's the procedure for getting a refund?,Refund Policy,42,7,0,0,329,1,0,0,development
511,Could I have the amount I paid returned?,could i have the amount i paid returned?,Refund Policy,40,8,0,0,330,1,0,0,development
512,I need to request a refund for something I bought.,i need to request a refund for something i bought.,Refund Policy,50,10,0,0,331,1,0,0,development
513,How can I have my purchase refunded?,how can i have my purchase refunded?,Refund Policy,36,7,0,0,332,1,0,0,development
514,Where do I start if I want a refund?,where do i start if i want a refund?,Refund Policy,36,9,0,0,333,1,0,0,development
516,Can you tell me how to claim a refund?,can you tell me how to claim a refund?,Refund Policy,38,9,0,0,335,1,0,0,development
517,I want to get the payment reversed for my purchase.,i want to get the payment reversed for my purchase.,Refund Policy,51,10,0,0,336,1,0,0,development
518,What is the process for asking for my money back?,what is the process for asking for my money back?,Refund Policy,49,10,0,0,337,1,0,0,development
519,Can I ask for the purchase amount to be refunded?,can i ask for the purchase amount to be refunded?,Refund Policy,49,10,0,0,338,1,0,0,development
520,I'd like to request my money back from this order.,i'd like to request my money back from this order.,Refund Policy,50,10,0,0,339,1,0,0,development
521,How do customers normally request refunds?,how do customers normally request refunds?,Refund Policy,42,6,0,0,340,1,0,0,development
522,I need the amount from my order returned.,i need the amount from my order returned.,Refund Policy,41,8,0,0,341,1,0,0,development
523,Can I apply for a refund on my purchase?,can i apply for a refund on my purchase?,Refund Policy,40,9,0,0,342,1,0,0,development
524,What steps should I follow to get a refund?,what steps should i follow to get a refund?,Refund Policy,43,9,0,0,343,1,0,0,development
525,I'd like the payment returned for an order I placed.,i'd like the payment returned for an order i placed.,Refund Policy,52,10,0,0,344,1,0,0,development
526,How do I claim back the money I spent?,how do i claim back the money i spent?,Refund Policy,38,9,0,0,345,1,0,0,development
527,Can the money charged for my order be refunded?,can the money charged for my order be refunded?,Refund Policy,47,9,0,0,346,1,0,0,development
528,I would like to reverse the payment I made for this order.,i would like to reverse the payment i made for this order.,Refund Policy,58,12,0,0,347,1,0,0,development
530,Is there a way to request my payment back?,is there a way to request my payment back?,Refund Policy,42,9,0,0,349,1,0,0,development
531,I need help getting the money from my purchase returned.,i need help getting the money from my purchase returned.,Refund Policy,56,10,0,0,350,1,0,0,development
532,How do I go about asking for a refund?,how do i go about asking for a refund?,Refund Policy,38,9,0,0,351,1,0,0,development
533,Can I have the cost of my order returned?,can i have the cost of my order returned?,Refund Policy,41,9,0,0,352,1,0,0,development
534,I want a refund on the purchase I made.,i want a refund on the purchase i made.,Refund Policy,39,9,0,0,353,1,0,0,development
535,Where should I submit a refund request?,where should i submit a refund request?,Refund Policy,39,7,0,0,354,1,0,0,development
536,Could you explain how I can get my payment back?,could you explain how i can get my payment back?,Refund Policy,48,10,0,0,355,1,0,0,development
537,I need to recover what I paid for my order.,i need to recover what i paid for my order.,Refund Policy,43,10,0,0,356,1,0,0,development
538,Is my purchase eligible for a refund?,is my purchase eligible for a refund?,Refund Policy,37,7,0,0,357,1,0,0,development
539,How can I request reimbursement for an order?,how can i request reimbursement for an order?,Refund Policy,45,8,0,0,358,1,0,0,development
540,I'd like to have my order payment returned.,i'd like to have my order payment returned.,Refund Policy,43,8,0,0,359,1,0,0,development
541,What is the usual way to request a refund?,what is the usual way to request a refund?,Refund Policy,42,9,0,0,360,1,0,0,development
543,I want to reclaim the money I paid.,i want to reclaim the money i paid.,Refund Policy,35,8,0,0,362,1,0,0,development
545,I'd like to reverse the charge on my purchase.,i'd like to reverse the charge on my purchase.,Refund Policy,46,9,0,0,364,1,0,0,development
546,Can you help me request a refund for my order?,can you help me request a refund for my order?,Refund Policy,46,10,0,0,365,1,0,0,development
547,What are the steps for getting my payment returned?,what are the steps for getting my payment returned?,Refund Policy,51,9,0,0,366,1,0,0,development
548,I want the money I spent on this order back.,i want the money i spent on this order back.,Refund Policy,44,10,0,0,367,1,0,0,development
549,Is there a way for me to claim my payment back?,is there a way for me to claim my payment back?,Refund Policy,47,11,0,0,368,1,0,0,development
550,How can I get reimbursed for my purchase?,how can i get reimbursed for my purchase?,Refund Policy,41,8,0,0,369,1,0,0,development
551,I'd like to request that my order be refunded.,i'd like to request that my order be refunded.,Refund Policy,46,9,0,0,370,1,0,0,development
552,I paid for this item and want the money back.,i paid for this item and want the money back.,Refund Policy,45,10,0,0,371,1,0,0,development
553,Can my payment be returned after making the purchase?,can my payment be returned after making the purchase?,Refund Policy,53,9,0,0,372,1,0,0,development
554,What do I do if I need a refund?,what do i do if i need a refund?,Refund Policy,32,9,0,0,373,1,0,0,development
555,I'd like to know how refunds are requested.,i'd like to know how refunds are requested.,Refund Policy,43,8,0,0,374,1,0,0,development
556,Can I submit a request to get my purchase amount back?,can i submit a request to get my purchase amount back?,Refund Policy,54,11,0,0,375,1,0,0,development
557,How can I recover the payment made for an order?,how can i recover the payment made for an order?,Refund Policy,48,10,0,0,376,1,0,0,development
558,I need to have the charge for my order refunded.,i need to have the charge for my order refunded.,Refund Policy,48,10,0,0,377,1,0,0,development
559,Is it possible to reverse the payment for this purchase?,is it possible to reverse the payment for this purchase?,Refund Policy,56,10,0,0,378,1,0,0,development
560,I'd like to get back the amount I was charged.,i'd like to get back the amount i was charged.,Refund Policy,46,10,0,0,379,1,0,0,development
561,Can you guide me through requesting a refund?,can you guide me through requesting a refund?,Refund Policy,45,8,0,0,380,1,0,0,development
563,How can I ask for reimbursement on my purchase?,how can i ask for reimbursement on my purchase?,Refund Policy,47,9,0,0,381,1,0,0,development
564,I'd like the money from this transaction returned.,i'd like the money from this transaction returned.,Refund Policy,50,8,0,0,382,1,0,0,development
565,Can I request the amount charged to me back?,can i request the amount charged to me back?,Refund Policy,44,9,0,0,383,1,0,0,development
566,What is the process if I want the payment returned?,what is the process if i want the payment returned?,Refund Policy,51,10,0,0,384,1,0,0,development
567,I need my purchase payment refunded.,i need my purchase payment refunded.,Refund Policy,36,6,0,0,385,1,0,0,development
568,How do I submit a request for reimbursement?,how do i submit a request for reimbursement?,Refund Policy,44,8,0,0,386,1,0,0,development
569,Can I get back what I paid for the order?,can i get back what i paid for the order?,Refund Policy,41,10,0,0,387,1,0,0,development
570,I'd like to reverse the payment made for this purchase.,i'd like to reverse the payment made for this purchase.,Refund Policy,55,10,0,0,388,1,0,0,development
571,Where can I make a request for a refund?,where can i make a request for a refund?,Refund Policy,40,9,0,0,389,1,0,0,development
572,I want to recover the amount paid for my purchase.,i want to recover the amount paid for my purchase.,Refund Policy,50,10,0,0,390,1,0,0,development
573,How do I request that my order payment be returned?,how do i request that my order payment be returned?,Refund Policy,51,10,0,0,391,1,0,0,development
574,Can I get reimbursed for something I purchased?,can i get reimbursed for something i purchased?,Refund Policy,47,8,0,0,392,1,0,0,development
575,What should I do to claim back my payment?,what should i do to claim back my payment?,Refund Policy,42,9,0,0,393,1,0,0,development
576,I would like the charge on my order refunded.,i would like the charge on my order refunded.,Refund Policy,45,9,0,0,394,1,0,0,development
577,How can I apply to have my money returned?,how can i apply to have my money returned?,Refund Policy,42,9,0,0,395,1,0,0,development
578,I'd like to receive a refund for this purchase.,i'd like to receive a refund for this purchase.,Refund Policy,47,9,0,0,396,1,0,0,development
579,Can the payment I made be reversed?,can the payment i made be reversed?,Refund Policy,35,7,0,0,397,1,0,0,development
580,I need to ask for my order amount back.,i need to ask for my order amount back.,Refund Policy,39,9,0,0,398,1,0,0,development
581,How do I request reimbursement for my order?,how do i request reimbursement for my order?,Refund Policy,44,8,0,0,399,1,0,0,development
582,I want the amount I paid back from this transaction.,i want the amount i paid back from this transaction.,Refund Policy,52,10,0,0,400,1,0,0,development
583,Can you tell me where to request a refund?,can you tell me where to request a refund?,Refund Policy,42,9,0,0,401,1,0,0,development
584,What should I do to recover the money from my order?,what should i do to recover the money from my order?,Refund Policy,52,11,0,0,402,1,0,0,development
585,I'd like to get the charge refunded for my purchase.,i'd like to get the charge refunded for my purchase.,Refund Policy,52,10,0,0,403,1,0,0,development
586,Can I have my payment returned for this transaction?,can i have my payment returned for this transaction?,Refund Policy,52,9,0,0,404,1,0,0,development
588,I need to recover the amount I spent on this purchase.,i need to recover the amount i spent on this purchase.,Refund Policy,54,11,0,0,406,1,0,0,development
589,Is there a refund request process I should follow?,is there a refund request process i should follow?,Refund Policy,50,9,0,0,407,1,0,0,development
590,I'd like to claim my money back from the order.,i'd like to claim my money back from the order.,Refund Policy,47,10,0,0,408,1,0,0,development
591,How can I have this purchase payment returned?,how can i have this purchase payment returned?,Refund Policy,46,8,0,0,409,1,0,0,development
592,Can I ask for reimbursement after paying for an order?,can i ask for reimbursement after paying for an order?,Refund Policy,54,10,0,0,410,1,0,0,development
593,I want the amount charged for this purchase returned.,i want the amount charged for this purchase returned.,Refund Policy,53,9,0,0,411,1,0,0,development
594,What is the correct way to request my money back?,what is the correct way to request my money back?,Refund Policy,49,10,0,0,412,1,0,0,development
595,I need a refund for a purchase I already paid for.,i need a refund for a purchase i already paid for.,Refund Policy,50,11,0,0,413,1,0,0,development
596,How do I get the payment for my order back?,how do i get the payment for my order back?,Refund Policy,43,10,0,0,414,1,0,0,development
597,Can I request that the money paid for this order be returned?,can i request that the money paid for this order be returned?,Refund Policy,61,12,0,0,415,1,0,0,development
598,I'd like to recover my payment from this purchase.,i'd like to recover my payment from this purchase.,Refund Policy,50,9,0,0,416,1,0,0,development
599,What do I need to do to claim back my purchase amount?,what do i need to do to claim back my purchase amount?,Refund Policy,54,12,0,0,417,1,0,0,development
600,Can you help me get the money I paid returned?,can you help me get the money i paid returned?,Refund Policy,46,10,0,0,418,1,0,0,development
601,I want to request a refund on an order I purchased.,i want to request a refund on an order i purchased.,Refund Policy,51,11,0,0,419,1,0,0,development
602,I was expecting a refund but haven't received the money yet.,i was expecting a refund but haven't received the money yet.,Refund Policy,60,11,0,0,420,1,0,0,development
603,Why hasn't the refund for my order arrived?,why hasn't the refund for my order arrived?,Refund Policy,43,8,0,0,421,1,0,0,development
605,I requested my money back and I'm waiting for it.,i requested my money back and i'm waiting for it.,Refund Policy,49,10,0,0,423,1,0,0,development
606,How long should I wait before my refund shows up?,how long should i wait before my refund shows up?,Refund Policy,49,10,0,0,424,1,0,0,development
607,When should the refunded amount appear?,when should the refunded amount appear?,Refund Policy,39,6,0,0,425,1,0,0,development
608,My refund hasn't been credited yet. What should I do?,my refund hasn't been credited yet. what should i do?,Refund Policy,53,10,0,0,426,1,0,0,development
609,I am still waiting for the money from my refund.,i am still waiting for the money from my refund.,Refund Policy,48,10,0,0,427,1,0,0,development
610,The refund was requested earlier but I can't see it yet.,the refund was requested earlier but i can't see it yet.,Refund Policy,56,11,0,0,428,1,0,0,development
611,Could you tell me when my refund will reach me?,could you tell me when my refund will reach me?,Refund Policy,47,10,0,0,429,1,0,0,development
612,I requested a refund several days ago and haven't seen it.,i requested a refund several days ago and haven't seen it.,Refund Policy,58,11,0,0,430,1,0,0,development
613,Why is my refunded amount taking so long?,why is my refunded amount taking so long?,Refund Policy,41,8,0,0,431,1,0,0,development
614,My refund hasn't come through yet.,my refund hasn't come through yet.,Refund Policy,34,6,0,0,432,1,0,0,development
616,I haven't received the refund for my purchase.,i haven't received the refund for my purchase.,Refund Policy,46,8,0,0,434,1,0,0,development
617,The amount I was supposed to get back is not showing.,the amount i was supposed to get back is not showing.,Refund Policy,53,11,0,0,435,1,0,0,development
618,My refund seems to be taking longer than expected.,my refund seems to be taking longer than expected.,Refund Policy,50,9,0,0,436,1,0,0,development
619,Is there a reason my refund has not arrived yet?,is there a reason my refund has not arrived yet?,Refund Policy,48,10,0,0,437,1,0,0,development
620,I am waiting for the refund to be processed.,i am waiting for the refund to be processed.,Refund Policy,44,9,0,0,438,1,0,0,development
621,The money from my refund hasn't appeared.,the money from my refund hasn't appeared.,Refund Policy,41,7,0,0,439,1,0,0,development
622,I requested reimbursement and I'm still waiting.,i requested reimbursement and i'm still waiting.,Refund Policy,48,7,0,0,440,1,0,0,development
624,"My payment was supposed to be refunded, but I don't see it.","my payment was supposed to be refunded, but i don't see it.",Refund Policy,59,12,0,0,442,1,0,0,development
625,What can I do about a refund that hasn't arrived?,what can i do about a refund that hasn't arrived?,Refund Policy,49,10,0,0,443,1,0,0,development
626,I have been waiting for my refunded amount.,i have been waiting for my refunded amount.,Refund Policy,43,8,0,0,444,1,0,0,development
627,The refund for my order is not in my account yet.,the refund for my order is not in my account yet.,Refund Policy,49,11,0,0,445,1,0,0,development
628,Why am I still waiting for my money back?,why am i still waiting for my money back?,Refund Policy,41,9,0,0,446,1,0,0,development
629,When will I actually receive the refunded amount?,when will i actually receive the refunded amount?,Refund Policy,49,8,0,0,447,1,0,0,development
630,"My refund was expected by now, but it is missing.","my refund was expected by now, but it is missing.",Refund Policy,49,10,0,0,448,1,0,0,development
632,How much longer will I have to wait for my refund?,how much longer will i have to wait for my refund?,Refund Policy,50,11,0,0,450,1,0,0,development
633,The money hasn't been returned to me yet.,the money hasn't been returned to me yet.,Refund Policy,41,8,0,0,451,1,0,0,development
634,My refund is taking longer than I expected.,my refund is taking longer than i expected.,Refund Policy,43,8,0,0,452,1,0,0,development
635,Could the refund for my order still be pending?,could the refund for my order still be pending?,Refund Policy,47,9,0,0,453,1,0,0,development
636,"I was told I would get my money back, but it hasn't appeared.","i was told i would get my money back, but it hasn't appeared.",Refund Policy,61,13,0,0,454,1,0,0,development
637,What should I do if the refund doesn't show up?,what should i do if the refund doesn't show up?,Refund Policy,47,10,0,0,455,1,0,0,development
638,The refunded amount is still not visible.,the refunded amount is still not visible.,Refund Policy,41,7,0,0,456,1,0,0,development
639,I am still waiting to receive my reimbursement.,i am still waiting to receive my reimbursement.,Refund Policy,47,8,0,0,457,1,0,0,development
640,Has my refund been processed yet?,has my refund been processed yet?,Refund Policy,33,6,0,0,458,1,0,0,development
641,Can you tell me the status of my refund?,can you tell me the status of my refund?,Refund Policy,40,9,0,0,459,1,0,0,development
642,Why hasn't my reimbursement reached me?,why hasn't my reimbursement reached me?,Refund Policy,39,6,0,0,460,1,0,0,development
643,I expected the payment to be returned by now.,i expected the payment to be returned by now.,Refund Policy,45,9,0,0,461,1,0,0,development
644,My returned payment hasn't appeared in my account.,my returned payment hasn't appeared in my account.,Refund Policy,50,8,0,0,462,1,0,0,development
646,I need to know when my refund will be credited.,i need to know when my refund will be credited.,Refund Policy,47,10,0,0,464,1,0,0,development
647,My money back request is taking too long.,my money back request is taking too long.,Refund Policy,41,8,0,0,465,1,0,0,development
648,I haven't received the amount that was supposed to be refunded.,i haven't received the amount that was supposed to be refunded.,Refund Policy,63,11,0,0,466,1,0,0,development
649,Is my refund still being processed?,is my refund still being processed?,Refund Policy,35,6,0,0,467,1,0,0,development
650,I am waiting for the refund from my order.,i am waiting for the refund from my order.,Refund Policy,42,9,0,0,468,1,0,0,development
652,"I requested reimbursement, but the money is still not there.","i requested reimbursement, but the money is still not there.",Refund Policy,60,10,0,0,470,1,0,0,development
653,When should I see the refund in my account?,when should i see the refund in my account?,Refund Policy,43,9,0,0,471,1,0,0,development
654,My refund appears to be delayed.,my refund appears to be delayed.,Refund Policy,32,6,0,0,472,1,0,0,development
655,I haven't received anything from the refund yet.,i haven't received anything from the refund yet.,Refund Policy,48,8,0,0,473,1,0,0,development
656,Why is the refunded money not showing up?,why is the refunded money not showing up?,Refund Policy,41,8,0,0,474,1,0,0,development
657,Can you explain the delay with my refund?,can you explain the delay with my refund?,Refund Policy,41,8,0,0,475,1,0,0,development
658,The amount hasn't been credited back to me.,the amount hasn't been credited back to me.,Refund Policy,43,8,0,0,476,1,0,0,development
659,I am still waiting for my payment to be returned.,i am still waiting for my payment to be returned.,Refund Policy,49,10,0,0,477,1,0,0,development
661,When will the refunded amount become available?,when will the refunded amount become available?,Refund Policy,47,7,0,0,479,1,0,0,development
662,The money I was expecting from the refund hasn't arrived.,the money i was expecting from the refund hasn't arrived.,Refund Policy,57,10,0,0,480,1,0,0,development
663,I want to know why my refund is taking so long.,i want to know why my refund is taking so long.,Refund Policy,47,11,0,0,481,1,0,0,development
664,My refund is pending and I need to know when it will arrive.,my refund is pending and i need to know when it will arrive.,Refund Policy,60,13,0,0,482,1,0,0,development
665,"I requested my payment back, but it is not showing in my account.","i requested my payment back, but it is not showing in my account.",Refund Policy,65,13,0,0,483,1,0,0,development
666,How long does a refund normally remain pending?,how long does a refund normally remain pending?,Refund Policy,47,8,0,0,484,1,0,0,development
667,The refund hasn't been reflected in my account.,the refund hasn't been reflected in my account.,Refund Policy,47,8,0,0,485,1,0,0,development
668,I am still waiting for the amount to come back.,i am still waiting for the amount to come back.,Refund Policy,47,10,0,0,486,1,0,0,development
669,My refund has not appeared after I requested it.,my refund has not appeared after i requested it.,Refund Policy,48,9,0,0,487,1,0,0,development
670,Could my refund still be in processing?,could my refund still be in processing?,Refund Policy,39,7,0,0,488,1,0,0,development
671,The money from the refund is taking longer to arrive.,the money from the refund is taking longer to arrive.,Refund Policy,53,10,0,0,489,1,0,0,development
672,I haven't seen the refunded payment in my account.,i haven't seen the refunded payment in my account.,Refund Policy,50,9,0,0,490,1,0,0,development
673,What happens if a requested refund doesn't arrive?,what happens if a requested refund doesn't arrive?,Refund Policy,50,8,0,0,491,1,0,0,development
674,I expected the refund sooner. Can you explain the delay?,i expected the refund sooner. can you explain the delay?,Refund Policy,56,10,0,0,492,1,0,0,development
675,My reimbursement has not reached my account.,my reimbursement has not reached my account.,Refund Policy,44,7,0,0,493,1,0,0,development
676,When can I expect my refunded payment to show?,when can i expect my refunded payment to show?,Refund Policy,46,9,0,0,494,1,0,0,development
677,The amount I requested back hasn't been credited.,the amount i requested back hasn't been credited.,Refund Policy,49,8,0,0,495,1,0,0,development
678,I am waiting for the refund to reach my account.,i am waiting for the refund to reach my account.,Refund Policy,48,10,0,0,496,1,0,0,development
679,Why is my returned payment still missing?,why is my returned payment still missing?,Refund Policy,41,7,0,0,497,1,0,0,development
680,My refund is overdue. What should I do?,my refund is overdue. what should i do?,Refund Policy,39,8,0,0,498,1,0,0,development
681,"I requested my money back, but nothing has been credited yet.","i requested my money back, but nothing has been credited yet.",Refund Policy,61,11,0,0,499,1,0,0,development
682,How long until the refund appears on my payment account?,how long until the refund appears on my payment account?,Refund Policy,56,10,0,0,500,1,0,0,development
683,The refund for this order still hasn't reached me.,the refund for this order still hasn't reached me.,Refund Policy,50,9,0,0,501,1,0,0,development
684,I can't find the refunded amount in my account.,i can't find the refunded amount in my account.,Refund Policy,47,9,0,0,502,1,0,0,development
685,Could you tell me why the refund is still pending?,could you tell me why the refund is still pending?,Refund Policy,50,10,0,0,503,1,0,0,development
686,"My payment should have been returned, but I haven't received it.","my payment should have been returned, but i haven't received it.",Refund Policy,64,11,0,0,504,1,0,0,development
688,The refund amount is missing from my account.,the refund amount is missing from my account.,Refund Policy,45,8,0,0,506,1,0,0,development
689,When should the money from a refund be available?,when should the money from a refund be available?,Refund Policy,49,9,0,0,507,1,0,0,development
690,I have not seen the refund from my purchase yet.,i have not seen the refund from my purchase yet.,Refund Policy,48,10,0,0,508,1,0,0,development
691,My refund request is still waiting to be completed.,my refund request is still waiting to be completed.,Refund Policy,51,9,0,0,509,1,0,0,development
692,Can you explain when I should receive the money back?,can you explain when i should receive the money back?,Refund Policy,53,10,0,0,510,1,0,0,development
693,The amount due back to me has not arrived.,the amount due back to me has not arrived.,Refund Policy,42,9,0,0,511,1,0,0,development
694,"I requested a refund, and the balance hasn't changed.","i requested a refund, and the balance hasn't changed.",Refund Policy,53,9,0,0,512,1,0,0,development
695,Why hasn't the refund been credited to me?,why hasn't the refund been credited to me?,Refund Policy,42,8,0,0,513,1,0,0,development
696,I'm still waiting for the money from a returned payment.,i'm still waiting for the money from a returned payment.,Refund Policy,56,10,0,0,514,1,0,0,development
697,Is there a normal processing time before a refund arrives?,is there a normal processing time before a refund arrives?,Refund Policy,58,10,0,0,515,1,0,0,development
698,My refund hasn't shown up even though I requested it.,my refund hasn't shown up even though i requested it.,Refund Policy,53,10,0,0,516,1,0,0,development
700,I need an update because my refund has not arrived.,i need an update because my refund has not arrived.,Refund Policy,51,10,0,0,518,1,0,0,development
702,I need the money from my order returned.,i need the money from my order returned.,Refund Policy,40,8,0,0,520,1,0,0,development
703,Can I have the charge for my order reversed?,can i have the charge for my order reversed?,Refund Policy,44,9,0,0,521,1,0,0,development
704,I'd like to recover the amount I paid for this item.,i'd like to recover the amount i paid for this item.,Refund Policy,52,11,0,0,522,1,0,0,development
705,How do I go about getting a payment refunded?,how do i go about getting a payment refunded?,Refund Policy,45,9,0,0,523,1,0,0,development
706,I want to ask for a refund on this order.,i want to ask for a refund on this order.,Refund Policy,41,10,0,0,524,1,0,0,development
707,Can the payment for this purchase be sent back to me?,can the payment for this purchase be sent back to me?,Refund Policy,53,11,0,0,525,1,0,0,development
708,I need to get back the amount charged for my order.,i need to get back the amount charged for my order.,Refund Policy,51,11,0,0,526,1,0,0,development
709,Is there a way to claim back what I paid?,is there a way to claim back what i paid?,Refund Policy,41,10,0,0,527,1,0,0,development
710,I'd like to request that the purchase amount be returned.,i'd like to request that the purchase amount be returned.,Refund Policy,57,10,0,0,528,1,0,0,development
711,What should I do if I want my payment back?,what should i do if i want my payment back?,Refund Policy,43,10,0,0,529,1,0,0,development
714,How can I request a payment reversal for my order?,how can i request a payment reversal for my order?,Refund Policy,50,10,0,0,532,1,0,0,development
715,I want the amount paid for my order refunded.,i want the amount paid for my order refunded.,Refund Policy,45,9,0,0,533,1,0,0,development
716,Can I ask for the charge on my order to be returned?,can i ask for the charge on my order to be returned?,Refund Policy,52,12,0,0,534,1,0,0,development
717,How do I start a reimbursement request?,how do i start a reimbursement request?,Refund Policy,39,7,0,0,535,1,0,0,development
718,I'd like to get back the amount deducted for my purchase.,i'd like to get back the amount deducted for my purchase.,Refund Policy,57,11,0,0,536,1,0,0,development
719,Can you explain how to request money back for an order?,can you explain how to request money back for an order?,Refund Policy,55,11,0,0,537,1,0,0,development
720,I need to recover the payment I made.,i need to recover the payment i made.,Refund Policy,37,8,0,0,538,1,0,0,development
721,Is there a way to get my purchase payment returned?,is there a way to get my purchase payment returned?,Refund Policy,51,10,0,0,539,1,0,0,development
722,I want to claim back the amount I paid.,i want to claim back the amount i paid.,Refund Policy,39,9,0,0,540,1,0,0,development
723,How can I ask the company to refund my order?,how can i ask the company to refund my order?,Refund Policy,45,10,0,0,541,1,0,0,development
724,I'd like to receive the money charged for this purchase back.,i'd like to receive the money charged for this purchase back.,Refund Policy,61,11,0,0,542,1,0,0,development
725,Can my order payment be reversed?,can my order payment be reversed?,Refund Policy,33,6,0,0,543,1,0,0,development
726,What is the way to request reimbursement for a purchase?,what is the way to request reimbursement for a purchase?,Refund Policy,56,10,0,0,544,1,0,0,development
729,Could I recover the money taken for my order?,could i recover the money taken for my order?,Refund Policy,45,9,0,0,547,1,0,0,development
730,I need my order payment sent back.,i need my order payment sent back.,Refund Policy,34,7,0,0,548,1,0,0,development
731,Is there a form or process for requesting a refund?,is there a form or process for requesting a refund?,Refund Policy,51,10,0,0,549,1,0,0,development
732,I'd like to reclaim the amount I paid for this purchase.,i'd like to reclaim the amount i paid for this purchase.,Refund Policy,56,11,0,0,550,1,0,0,development
733,Can you help me get my order payment back?,can you help me get my order payment back?,Refund Policy,42,9,0,0,551,1,0,0,development
734,What should I do to get the purchase amount reimbursed?,what should i do to get the purchase amount reimbursed?,Refund Policy,55,10,0,0,552,1,0,0,development
735,I want to have the payment for this order returned.,i want to have the payment for this order returned.,Refund Policy,51,10,0,0,553,1,0,0,development
736,How can I reclaim the money charged for my purchase?,how can i reclaim the money charged for my purchase?,Refund Policy,52,10,0,0,554,1,0,0,development
738,I'd like to reverse the amount I paid for this order.,i'd like to reverse the amount i paid for this order.,Refund Policy,53,11,0,0,556,1,0,0,development
739,What do I need to provide when asking for a refund?,what do i need to provide when asking for a refund?,Refund Policy,51,11,0,0,557,1,0,0,development
740,How do I request that the money I paid be returned?,how do i request that the money i paid be returned?,Refund Policy,51,11,0,0,558,1,0,0,development
741,I want to recover what was charged to me.,i want to recover what was charged to me.,Refund Policy,41,9,0,0,559,1,0,0,development
742,Can I have my order amount refunded?,can i have my order amount refunded?,Refund Policy,36,7,0,0,560,1,0,0,development
743,Where do I go to ask for reimbursement?,where do i go to ask for reimbursement?,Refund Policy,39,8,0,0,561,1,0,0,development
744,I'd like to get the payment from this order back.,i'd like to get the payment from this order back.,Refund Policy,49,10,0,0,562,1,0,0,development
745,How can I claim a refund for something I ordered?,how can i claim a refund for something i ordered?,Refund Policy,49,10,0,0,563,1,0,0,development
746,Can the amount deducted from my account be refunded?,can the amount deducted from my account be refunded?,Refund Policy,52,9,0,0,564,1,0,0,development
747,I need to request that my purchase payment be reversed.,i need to request that my purchase payment be reversed.,Refund Policy,55,10,0,0,565,1,0,0,development
748,What's the process for getting an order payment back?,what's the process for getting an order payment back?,Refund Policy,53,9,0,0,566,1,0,0,development
749,I'd like to have my money returned for this purchase.,i'd like to have my money returned for this purchase.,Refund Policy,53,10,0,0,567,1,0,0,development
751,How do I ask for the money charged to me back?,how do i ask for the money charged to me back?,Refund Policy,46,11,0,0,569,1,0,0,development
752,I want a reimbursement for the amount I paid.,i want a reimbursement for the amount i paid.,Refund Policy,45,9,0,0,570,1,0,0,development
753,Can the payment I made for my order be refunded?,can the payment i made for my order be refunded?,Refund Policy,48,10,0,0,571,1,0,0,development
754,I'd like to request the return of my purchase payment.,i'd like to request the return of my purchase payment.,Refund Policy,54,10,0,0,572,1,0,0,development
755,How can I get back the money deducted for this order?,how can i get back the money deducted for this order?,Refund Policy,53,11,0,0,573,1,0,0,development
756,I need to claim the payment back from my purchase.,i need to claim the payment back from my purchase.,Refund Policy,50,10,0,0,574,1,0,0,development
757,Is reimbursement available for an order I paid for?,is reimbursement available for an order i paid for?,Refund Policy,51,9,0,0,575,1,0,0,development
758,What is the process to recover a payment?,what is the process to recover a payment?,Refund Policy,41,8,0,0,576,1,0,0,development
759,I'd like the amount I paid returned to me.,i'd like the amount i paid returned to me.,Refund Policy,42,9,0,0,577,1,0,0,development
760,Can you help me submit a request for reimbursement?,can you help me submit a request for reimbursement?,Refund Policy,51,9,0,0,578,1,0,0,development
761,How do I get the charge from my order reversed?,how do i get the charge from my order reversed?,Refund Policy,47,10,0,0,579,1,0,0,development
762,I want to reclaim the payment for this purchase.,i want to reclaim the payment for this purchase.,Refund Policy,48,9,0,0,580,1,0,0,development
763,Can I request the money I paid for this item back?,can i request the money i paid for this item back?,Refund Policy,50,11,0,0,581,1,0,0,development
764,I'd like to know how to get a purchase refunded.,i'd like to know how to get a purchase refunded.,Refund Policy,48,10,0,0,582,1,0,0,development
765,What can I do to recover the amount charged for my order?,what can i do to recover the amount charged for my order?,Refund Policy,57,12,0,0,583,1,0,0,development
766,I need the payment from this purchase returned.,i need the payment from this purchase returned.,Refund Policy,47,8,0,0,584,1,0,0,development
767,Can I ask for my order to be reimbursed?,can i ask for my order to be reimbursed?,Refund Policy,40,9,0,0,585,1,0,0,development
768,How do I claim back the amount I was charged?,how do i claim back the amount i was charged?,Refund Policy,45,10,0,0,586,1,0,0,development
769,I'd like to receive the payment back for this order.,i'd like to receive the payment back for this order.,Refund Policy,52,10,0,0,587,1,0,0,development
770,Is it possible to reclaim the cost of my purchase?,is it possible to reclaim the cost of my purchase?,Refund Policy,50,10,0,0,588,1,0,0,development
771,I want to request a return of the money I paid.,i want to request a return of the money i paid.,Refund Policy,47,11,0,0,589,1,0,0,development
773,Can you tell me how to submit a refund claim?,can you tell me how to submit a refund claim?,Refund Policy,45,10,0,0,591,1,0,0,development
774,I'd like the money deducted for my purchase returned.,i'd like the money deducted for my purchase returned.,Refund Policy,53,9,0,0,592,1,0,0,development
775,I need to reverse the payment associated with my order.,i need to reverse the payment associated with my order.,Refund Policy,55,10,0,0,593,1,0,0,development
776,Can I recover the amount paid for this item?,can i recover the amount paid for this item?,Refund Policy,44,9,0,0,594,1,0,0,development
777,What's the process for asking that my order be refunded?,what's the process for asking that my order be refunded?,Refund Policy,56,10,0,0,595,1,0,0,development
778,I'd like to claim reimbursement for the purchase amount.,i'd like to claim reimbursement for the purchase amount.,Refund Policy,56,9,0,0,596,1,0,0,development
779,How can I request the funds from my order back?,how can i request the funds from my order back?,Refund Policy,47,10,0,0,597,1,0,0,development
780,I want the payment taken for this purchase reversed.,i want the payment taken for this purchase reversed.,Refund Policy,52,9,0,0,598,1,0,0,development
781,Can I get a reimbursement for the money I paid?,can i get a reimbursement for the money i paid?,Refund Policy,47,10,0,0,599,1,0,0,development
782,I'd like to ask for my order payment to be returned.,i'd like to ask for my order payment to be returned.,Refund Policy,52,11,0,0,600,1,0,0,development
783,What do I do to recover a payment from an order?,what do i do to recover a payment from an order?,Refund Policy,48,11,0,0,601,1,0,0,development
784,I need to get my purchase amount back.,i need to get my purchase amount back.,Refund Policy,38,8,0,0,602,1,0,0,development
786,How can I make a refund request for my order?,how can i make a refund request for my order?,Refund Policy,45,10,0,0,604,1,0,0,development
787,I'd like to reclaim what I paid for this purchase.,i'd like to reclaim what i paid for this purchase.,Refund Policy,50,10,0,0,605,1,0,0,development
788,I want the amount deducted for the order refunded.,i want the amount deducted for the order refunded.,Refund Policy,50,9,0,0,606,1,0,0,development
789,Is there a way to recover the money paid for an item?,is there a way to recover the money paid for an item?,Refund Policy,53,12,0,0,607,1,0,0,development
790,Can you guide me on requesting a payment refund?,can you guide me on requesting a payment refund?,Refund Policy,48,9,0,0,608,1,0,0,development
791,I'd like my order payment back.,i'd like my order payment back.,Refund Policy,31,6,0,0,609,1,0,0,development
792,How do I ask to have the purchase amount reimbursed?,how do i ask to have the purchase amount reimbursed?,Refund Policy,52,10,0,0,610,1,0,0,development
793,I need to recover the funds used for this order.,i need to recover the funds used for this order.,Refund Policy,48,10,0,0,611,1,0,0,development
795,I'd like to request the money spent on this purchase back.,i'd like to request the money spent on this purchase back.,Refund Policy,58,11,0,0,613,1,0,0,development
796,What steps are involved in claiming a refund?,what steps are involved in claiming a refund?,Refund Policy,45,8,0,0,614,1,0,0,development
797,I want the amount paid for this item returned.,i want the amount paid for this item returned.,Refund Policy,46,9,0,0,615,1,0,0,development
798,Can I reclaim the charge made for my order?,can i reclaim the charge made for my order?,Refund Policy,43,9,0,0,616,1,0,0,development
799,How do I get reimbursement for something I purchased?,how do i get reimbursement for something i purchased?,Refund Policy,53,9,0,0,617,1,0,0,development
800,I'd like to have the funds from my purchase returned.,i'd like to have the funds from my purchase returned.,Refund Policy,53,10,0,0,618,1,0,0,development
801,I need to ask for a refund on something I ordered.,i need to ask for a refund on something i ordered.,Refund Policy,50,11,0,0,619,1,0,0,development
802,I paid for this order and want the money refunded.,i paid for this order and want the money refunded.,Refund Policy,50,10,0,0,620,1,0,0,development
803,Can I get the payment for my purchase back?,can i get the payment for my purchase back?,Refund Policy,43,9,0,0,621,1,0,0,development
804,I'd like to ask for a refund on the amount I paid.,i'd like to ask for a refund on the amount i paid.,Refund Policy,50,12,0,0,622,1,0,0,development
805,How can I get my order refunded?,how can i get my order refunded?,Refund Policy,32,7,0,0,623,1,0,0,development
806,What is the process for getting my payment back?,what is the process for getting my payment back?,Refund Policy,48,9,0,0,624,1,0,0,development
807,I want the money I paid for this order returned.,i want the money i paid for this order returned.,Refund Policy,48,10,0,0,625,1,0,0,development
808,Can I have the purchase payment sent back?,can i have the purchase payment sent back?,Refund Policy,42,8,0,0,626,1,0,0,development
809,I'd like to recover the amount charged for my order.,i'd like to recover the amount charged for my order.,Refund Policy,52,10,0,0,627,1,0,0,development
810,How do I request the money back from a purchase?,how do i request the money back from a purchase?,Refund Policy,48,10,0,0,628,1,0,0,development
811,I need to get my payment reversed.,i need to get my payment reversed.,Refund Policy,34,7,0,0,629,1,0,0,development
812,Can I ask for the amount I paid to be returned?,can i ask for the amount i paid to be returned?,Refund Policy,47,11,0,0,630,1,0,0,development
813,I would like reimbursement for this order.,i would like reimbursement for this order.,Refund Policy,42,7,0,0,631,1,0,0,development
814,How can I claim the money back from my purchase?,how can i claim the money back from my purchase?,Refund Policy,48,10,0,0,632,1,0,0,development
815,I want the charge for this order refunded.,i want the charge for this order refunded.,Refund Policy,42,8,0,0,633,1,0,0,development
816,Can the amount I spent on this item be returned?,can the amount i spent on this item be returned?,Refund Policy,48,10,0,0,634,1,0,0,development
817,I'd like to recover my order payment.,i'd like to recover my order payment.,Refund Policy,37,7,0,0,635,1,0,0,development
818,How do I submit a request to get my money back?,how do i submit a request to get my money back?,Refund Policy,47,11,0,0,636,1,0,0,development
819,I need the payment reversed for something I bought.,i need the payment reversed for something i bought.,Refund Policy,51,9,0,0,637,1,0,0,development
820,Can I get back the amount charged for this purchase?,can i get back the amount charged for this purchase?,Refund Policy,52,10,0,0,638,1,0,0,development
821,I'd like to request reimbursement for the money I paid.,i'd like to request reimbursement for the money i paid.,Refund Policy,55,10,0,0,639,1,0,0,development
822,What do I do when I want my order payment returned?,what do i do when i want my order payment returned?,Refund Policy,51,11,0,0,640,1,0,0,development
823,I want to reclaim the amount I paid.,i want to reclaim the amount i paid.,Refund Policy,36,8,0,0,641,1,0,0,development
824,Can the funds I paid for my order be returned?,can the funds i paid for my order be returned?,Refund Policy,46,10,0,0,642,1,0,0,development
825,How can I ask for my purchase to be refunded?,how can i ask for my purchase to be refunded?,Refund Policy,45,10,0,0,643,1,0,0,development
826,I'd like to get the money charged for this order back.,i'd like to get the money charged for this order back.,Refund Policy,54,11,0,0,644,1,0,0,development
827,Is there a way to recover my purchase payment?,is there a way to recover my purchase payment?,Refund Policy,46,9,0,0,645,1,0,0,development
828,I need to request a refund from this order.,i need to request a refund from this order.,Refund Policy,43,9,0,0,646,1,0,0,development
829,Can I have the cost of this purchase returned?,can i have the cost of this purchase returned?,Refund Policy,46,9,0,0,647,1,0,0,development
830,I'd like the payment on my order reversed.,i'd like the payment on my order reversed.,Refund Policy,42,8,0,0,648,1,0,0,development
831,What should I do to reclaim the money I paid?,what should i do to reclaim the money i paid?,Refund Policy,45,10,0,0,649,1,0,0,development
832,I want my purchase amount refunded.,i want my purchase amount refunded.,Refund Policy,35,6,0,0,650,1,0,0,development
833,Can you tell me how to request reimbursement?,can you tell me how to request reimbursement?,Refund Policy,45,8,0,0,651,1,0,0,development
834,How do I get the amount paid for my order back?,how do i get the amount paid for my order back?,Refund Policy,47,11,0,0,652,1,0,0,development
836,Can I request my order payment back?,can i request my order payment back?,Refund Policy,36,7,0,0,654,1,0,0,development
838,What is the procedure for recovering a payment?,what is the procedure for recovering a payment?,Refund Policy,47,8,0,0,656,1,0,0,development
839,I'd like to have my purchase charge returned.,i'd like to have my purchase charge returned.,Refund Policy,45,8,0,0,657,1,0,0,development
840,Can I get reimbursement for the amount I paid?,can i get reimbursement for the amount i paid?,Refund Policy,46,9,0,0,658,1,0,0,development
842,I want to recover the money spent on my order.,i want to recover the money spent on my order.,Refund Policy,46,10,0,0,660,1,0,0,development
843,Can the amount deducted for this purchase be returned?,can the amount deducted for this purchase be returned?,Refund Policy,54,9,0,0,661,1,0,0,development
844,I'd like to submit a refund request for my order.,i'd like to submit a refund request for my order.,Refund Policy,49,10,0,0,662,1,0,0,development
845,How can I reclaim the payment made for this item?,how can i reclaim the payment made for this item?,Refund Policy,49,10,0,0,663,1,0,0,development
846,I need my purchase payment returned.,i need my purchase payment returned.,Refund Policy,36,6,0,0,664,1,0,0,development
848,I'd like to get back the money I paid.,i'd like to get back the money i paid.,Refund Policy,38,9,0,0,666,1,0,0,development
849,What is the right way to request reimbursement for an order?,what is the right way to request reimbursement for an order?,Refund Policy,60,11,0,0,667,1,0,0,development
850,I want the payment from this purchase back.,i want the payment from this purchase back.,Refund Policy,43,8,0,0,668,1,0,0,development
851,How can I recover the amount taken for my order?,how can i recover the amount taken for my order?,Refund Policy,48,10,0,0,669,1,0,0,development
852,Can my order be refunded after payment?,can my order be refunded after payment?,Refund Policy,39,7,0,0,670,1,0,0,development
853,I'd like to ask for the charge to be reversed.,i'd like to ask for the charge to be reversed.,Refund Policy,46,10,0,0,671,1,0,0,development
854,I need to get the money from this purchase back.,i need to get the money from this purchase back.,Refund Policy,48,10,0,0,672,1,0,0,development
855,Can I reclaim what I paid for the order?,can i reclaim what i paid for the order?,Refund Policy,40,9,0,0,673,1,0,0,development
856,How do I request a return of the payment?,how do i request a return of the payment?,Refund Policy,41,9,0,0,674,1,0,0,development
857,I'd like reimbursement for the amount charged.,i'd like reimbursement for the amount charged.,Refund Policy,46,7,0,0,675,1,0,0,development
858,What steps should I take to recover my payment?,what steps should i take to recover my payment?,Refund Policy,47,9,0,0,676,1,0,0,development
859,I want the money paid for this item returned.,i want the money paid for this item returned.,Refund Policy,45,9,0,0,677,1,0,0,development
860,Can you help me ask for my order to be refunded?,can you help me ask for my order to be refunded?,Refund Policy,48,11,0,0,678,1,0,0,development
862,I need the amount charged to me refunded.,i need the amount charged to me refunded.,Refund Policy,41,8,0,0,679,1,0,0,development
863,Can I ask for my purchase payment to be reversed?,can i ask for my purchase payment to be reversed?,Refund Policy,49,10,0,0,680,1,0,0,development
864,I'd like to get my order amount back.,i'd like to get my order amount back.,Refund Policy,37,8,0,0,681,1,0,0,development
865,What do I need to do to claim reimbursement?,what do i need to do to claim reimbursement?,Refund Policy,44,9,0,0,682,1,0,0,development
866,I want to recover the payment for something I ordered.,i want to recover the payment for something i ordered.,Refund Policy,54,10,0,0,683,1,0,0,development
867,Can the money taken from my account for this order be returned?,can the money taken from my account for this order be returned?,Refund Policy,63,12,0,0,684,1,0,0,development
868,How do I make a request for my purchase payment back?,how do i make a request for my purchase payment back?,Refund Policy,53,11,0,0,685,1,0,0,development
869,I'd like to claim the amount I paid back.,i'd like to claim the amount i paid back.,Refund Policy,41,9,0,0,686,1,0,0,development
870,I need a refund request for my order.,i need a refund request for my order.,Refund Policy,37,8,0,0,687,1,0,0,development
871,Can I get the funds I used for this purchase returned?,can i get the funds i used for this purchase returned?,Refund Policy,54,11,0,0,688,1,0,0,development
872,What is the process for reclaiming money from an order?,what is the process for reclaiming money from an order?,Refund Policy,55,10,0,0,689,1,0,0,development
873,I want the charge associated with my purchase reversed.,i want the charge associated with my purchase reversed.,Refund Policy,55,9,0,0,690,1,0,0,development
874,How can I get reimbursement for the amount I spent?,how can i get reimbursement for the amount i spent?,Refund Policy,51,10,0,0,691,1,0,0,development
875,I'd like my payment returned for this order.,i'd like my payment returned for this order.,Refund Policy,44,8,0,0,692,1,0,0,development
876,Can I recover the money charged for the item?,can i recover the money charged for the item?,Refund Policy,45,9,0,0,693,1,0,0,development
877,I need to ask for my purchase amount to be refunded.,i need to ask for my purchase amount to be refunded.,Refund Policy,52,11,0,0,694,1,0,0,development
878,How do I request a payment reversal?,how do i request a payment reversal?,Refund Policy,36,7,0,0,695,1,0,0,development
879,I'd like to reclaim the money I spent on this order.,i'd like to reclaim the money i spent on this order.,Refund Policy,52,11,0,0,696,1,0,0,development
880,Can my purchase payment be sent back to me?,can my purchase payment be sent back to me?,Refund Policy,43,9,0,0,697,1,0,0,development
881,What should I do if I need the order amount returned?,what should i do if i need the order amount returned?,Refund Policy,53,11,0,0,698,1,0,0,development
882,I want to request reimbursement for this purchase.,i want to request reimbursement for this purchase.,Refund Policy,50,8,0,0,699,1,0,0,development
884,I'd like to have the amount charged for this item refunded.,i'd like to have the amount charged for this item refunded.,Refund Policy,59,11,0,0,700,1,0,0,development
885,Can I send this product back?,can i send this product back?,Return Policy,29,6,0,0,701,1,0,0,development
886,What is the process for returning an item?,what is the process for returning an item?,Return Policy,42,8,0,0,702,1,0,0,development
887,How do I start a return for my order?,how do i start a return for my order?,Return Policy,37,9,0,0,703,1,0,0,development
888,I'd like to return something I purchased.,i'd like to return something i purchased.,Return Policy,41,7,0,0,704,1,0,0,development
889,Can I return an item after it has been delivered?,can i return an item after it has been delivered?,Return Policy,49,10,0,0,705,1,0,0,development
890,How can I arrange a return?,how can i arrange a return?,Return Policy,27,6,0,0,706,1,0,0,development
891,What are the rules for returning a product?,what are the rules for returning a product?,Return Policy,43,8,0,0,707,1,0,0,development
892,I need to send my purchase back. How do I do that?,i need to send my purchase back. how do i do that?,Return Policy,50,12,0,0,708,1,0,0,development
893,Is this item eligible for return?,is this item eligible for return?,Return Policy,33,6,0,0,709,1,0,0,development
895,Can I give back a product I ordered?,can i give back a product i ordered?,Return Policy,36,8,0,0,710,1,0,0,development
896,I'd like to know how product returns work.,i'd like to know how product returns work.,Return Policy,42,8,0,0,711,1,0,0,development
897,What steps are involved in returning my order?,what steps are involved in returning my order?,Return Policy,46,8,0,0,712,1,0,0,development
899,Can I return something I bought online?,can i return something i bought online?,Return Policy,39,7,0,0,714,1,0,0,development
900,I want to return this item. What should I do?,i want to return this item. what should i do?,Return Policy,45,10,0,0,715,1,0,0,development
901,What is the return procedure for an order?,what is the return procedure for an order?,Return Policy,42,8,0,0,716,1,0,0,development
902,How do I arrange for an item to be returned?,how do i arrange for an item to be returned?,Return Policy,44,10,0,0,717,1,0,0,development
903,Can a delivered product be sent back?,can a delivered product be sent back?,Return Policy,37,7,0,0,718,1,0,0,development
904,I'd like to start the return process.,i'd like to start the return process.,Return Policy,37,7,0,0,719,1,0,0,development
905,What do I need to do to return my purchase?,what do i need to do to return my purchase?,Return Policy,43,10,0,0,720,1,0,0,development
906,Can I return a product I no longer need?,can i return a product i no longer need?,Return Policy,40,9,0,0,721,1,0,0,development
907,How can I request a return for this item?,how can i request a return for this item?,Return Policy,41,9,0,0,722,1,0,0,development
909,Is there a time limit for returning an item?,is there a time limit for returning an item?,Return Policy,44,9,0,0,724,1,0,0,development
910,How many days do I have to send something back?,how many days do i have to send something back?,Return Policy,47,10,0,0,725,1,0,0,development
912,What is the allowed return period?,what is the allowed return period?,Return Policy,34,6,0,0,727,1,0,0,development
914,Does the return window start after delivery?,does the return window start after delivery?,Return Policy,44,7,0,0,729,1,0,0,development
915,Can I still return this item after a few days?,can i still return this item after a few days?,Return Policy,46,10,0,0,730,1,0,0,development
916,What is the deadline for returning a product?,what is the deadline for returning a product?,Return Policy,45,8,0,0,731,1,0,0,development
917,How much time is allowed for a return?,how much time is allowed for a return?,Return Policy,38,8,0,0,732,1,0,0,development
918,Is there a specific period in which I can return my order?,is there a specific period in which i can return my order?,Return Policy,58,12,0,0,733,1,0,0,development
919,When does the return period expire?,when does the return period expire?,Return Policy,35,6,0,0,734,1,0,0,development
920,Can I return an item bought during a sale?,can i return an item bought during a sale?,Return Policy,42,9,0,0,735,1,0,0,development
921,Are sale purchases eligible for return?,are sale purchases eligible for return?,Return Policy,39,6,0,0,736,1,0,0,development
922,What happens if I have already opened the item?,what happens if i have already opened the item?,Return Policy,47,9,0,0,737,1,0,0,development
923,Is an opened item still returnable?,is an opened item still returnable?,Return Policy,35,6,0,0,738,1,0,0,development
924,Can I send back a product without opening it?,can i send back a product without opening it?,Return Policy,45,9,0,0,739,1,0,0,development
925,Do I need the invoice to return something?,do i need the invoice to return something?,Return Policy,42,8,0,0,740,1,0,0,development
926,Can I return my order if I don't have the invoice?,can i return my order if i don't have the invoice?,Return Policy,50,11,0,0,741,1,0,0,development
927,What documents are needed for a return?,what documents are needed for a return?,Return Policy,39,7,0,0,742,1,0,0,development
928,Is proof of purchase required for returning an item?,is proof of purchase required for returning an item?,Return Policy,52,9,0,0,743,1,0,0,development
929,Can I return an item without its original invoice?,can i return an item without its original invoice?,Return Policy,50,9,0,0,744,1,0,0,development
930,Do I need any paperwork to request a return?,do i need any paperwork to request a return?,Return Policy,44,9,0,0,745,1,0,0,development
931,How do I request a pickup for my return?,how do i request a pickup for my return?,Return Policy,40,9,0,0,746,1,0,0,development
934,Can the returned product be picked up from my address?,can the returned product be picked up from my address?,Return Policy,54,10,0,0,749,1,0,0,development
935,How does the return pickup work?,how does the return pickup work?,Return Policy,32,6,0,0,750,1,0,0,development
936,Do you arrange collection for returned orders?,do you arrange collection for returned orders?,Return Policy,46,7,0,0,751,1,0,0,development
938,Is an exchange possible when I want to return an item?,is an exchange possible when i want to return an item?,Return Policy,54,11,0,0,752,1,0,0,development
939,Can I get another product in place of the one I return?,can i get another product in place of the one i return?,Return Policy,55,12,0,0,753,1,0,0,development
940,What are my options if I want to exchange an item?,what are my options if i want to exchange an item?,Return Policy,50,11,0,0,754,1,0,0,development
941,Can I swap my purchase for another item?,can i swap my purchase for another item?,Return Policy,40,8,0,0,755,1,0,0,development
942,How does exchanging a returned product work?,how does exchanging a returned product work?,Return Policy,44,7,0,0,756,1,0,0,development
943,I want to send an item back and choose a different one.,i want to send an item back and choose a different one.,Return Policy,55,12,0,0,757,1,0,0,development
944,Can I return an item and request an exchange?,can i return an item and request an exchange?,Return Policy,45,9,0,0,758,1,0,0,development
945,What should I expect once my return is requested?,what should i expect once my return is requested?,Return Policy,49,9,0,0,759,1,0,0,development
946,What happens after I start a return?,what happens after i start a return?,Return Policy,36,7,0,0,760,1,0,0,development
948,What is the next step after requesting a return?,what is the next step after requesting a return?,Return Policy,48,9,0,0,762,1,0,0,development
949,What happens once the return request is accepted?,what happens once the return request is accepted?,Return Policy,49,8,0,0,763,1,0,0,development
950,Can I return a product that doesn't suit me?,can i return a product that doesn't suit me?,Return Policy,44,9,0,0,764,1,0,0,development
951,I changed my mind about the product. Can I return it?,i changed my mind about the product. can i return it?,Return Policy,53,11,0,0,765,1,0,0,development
952,I don't want the item anymore. Can I send it back?,i don't want the item anymore. can i send it back?,Return Policy,50,11,0,0,766,1,0,0,development
953,The product isn't right for me. Can I return it?,the product isn't right for me. can i return it?,Return Policy,48,10,0,0,767,1,0,0,development
954,Can I return something because I changed my mind?,can i return something because i changed my mind?,Return Policy,49,9,0,0,768,1,0,0,development
955,I ordered this but no longer need it. Can I return it?,i ordered this but no longer need it. can i return it?,Return Policy,54,12,0,0,769,1,0,0,development
957,Can I send back an item that I simply don't want?,can i send back an item that i simply don't want?,Return Policy,49,11,0,0,771,1,0,0,development
958,Can I return the product if it isn't what I expected?,can i return the product if it isn't what i expected?,Return Policy,53,11,0,0,772,1,0,0,development
959,The item isn't suitable for me. Can I return it?,the item isn't suitable for me. can i return it?,Return Policy,48,10,0,0,773,1,0,0,development
960,I want to give back the product I received.,i want to give back the product i received.,Return Policy,43,9,0,0,774,1,0,0,development
961,How can I send the product back after delivery?,how can i send the product back after delivery?,Return Policy,47,9,0,0,775,1,0,0,development
962,I received my order and want to return it. What are the steps?,i received my order and want to return it. what are the steps?,Return Policy,62,13,0,0,776,1,0,0,development
963,The order has arrived. Can I start a return?,the order has arrived. can i start a return?,Return Policy,44,9,0,0,777,1,0,0,development
964,"My package was delivered, and I want to send the item back.","my package was delivered, and i want to send the item back.",Return Policy,59,12,0,0,778,1,0,0,development
965,Can I initiate a return now that the product has arrived?,can i initiate a return now that the product has arrived?,Return Policy,57,11,0,0,779,1,0,0,development
966,I have received the order but need to return it.,i have received the order but need to return it.,Return Policy,48,10,0,0,780,1,0,0,development
967,What's the easiest way to return a delivered product?,what's the easiest way to return a delivered product?,Return Policy,53,9,0,0,781,1,0,0,development
968,How do I return an item that has already been delivered?,how do i return an item that has already been delivered?,Return Policy,56,11,0,0,782,1,0,0,development
969,Can I return only one product from my order?,can i return only one product from my order?,Return Policy,44,9,0,0,783,1,0,0,development
970,I want to return one item but keep the rest of the order.,i want to return one item but keep the rest of the order.,Return Policy,57,13,0,0,784,1,0,0,development
971,Is it possible to return a single item from a larger order?,is it possible to return a single item from a larger order?,Return Policy,59,12,0,0,785,1,0,0,development
972,Can I send back part of my order?,can i send back part of my order?,Return Policy,33,8,0,0,786,1,0,0,development
974,Can I return an item separately from the rest of the order?,can i return an item separately from the rest of the order?,Return Policy,59,12,0,0,788,1,0,0,development
975,The product I received isn't suitable. How do I return it?,the product i received isn't suitable. how do i return it?,Return Policy,58,11,0,0,789,1,0,0,development
976,I need to send one of the items in my order back.,i need to send one of the items in my order back.,Return Policy,49,12,0,0,790,1,0,0,development
977,Can I return an accessory that came with my order?,can i return an accessory that came with my order?,Return Policy,50,10,0,0,791,1,0,0,development
978,Is a damaged accessory eligible for return?,is a damaged accessory eligible for return?,Return Policy,43,7,0,0,792,1,0,0,development
979,Can I send back an accessory I received?,can i send back an accessory i received?,Return Policy,40,8,0,0,793,1,0,0,development
980,What is the procedure for returning an accessory?,what is the procedure for returning an accessory?,Return Policy,49,8,0,0,794,1,0,0,development
982,Can accessories be included in a return?,can accessories be included in a return?,Return Policy,40,7,0,0,796,1,0,0,development
983,Can I return an electronic item?,can i return an electronic item?,Return Policy,32,6,0,0,797,1,0,0,development
985,How do I return something that I bought?,how do i return something that i bought?,Return Policy,40,8,0,0,799,1,0,0,development
986,Can I send an item back if I don't want it?,can i send an item back if i don't want it?,Return Policy,43,11,0,0,800,1,0,0,development
987,I'd like to return my purchase. Where should I begin?,i'd like to return my purchase. where should i begin?,Return Policy,53,10,0,0,801,1,0,0,development
988,What do I need to do to send an order back?,what do i need to do to send an order back?,Return Policy,43,11,0,0,802,1,0,0,development
989,Is there a way to request a return for this product?,is there a way to request a return for this product?,Return Policy,52,11,0,0,803,1,0,0,development
990,I want to give this item back after receiving it.,i want to give this item back after receiving it.,Return Policy,49,10,0,0,804,1,0,0,development
991,How can I get a return started?,how can i get a return started?,Return Policy,31,7,0,0,805,1,0,0,development
992,Can this purchase be returned?,can this purchase be returned?,Return Policy,30,5,0,0,806,1,0,0,development
993,Where do I go to arrange a product return?,where do i go to arrange a product return?,Return Policy,42,9,0,0,807,1,0,0,development
994,I'd like to send this item back to the seller.,i'd like to send this item back to the seller.,Return Policy,46,10,0,0,808,1,0,0,development
995,What steps should I take to return my order?,what steps should i take to return my order?,Return Policy,44,9,0,0,809,1,0,0,development
996,Can I request a return for something I ordered?,can i request a return for something i ordered?,Return Policy,47,9,0,0,810,1,0,0,development
997,How do returns work for purchased items?,how do returns work for purchased items?,Return Policy,40,7,0,0,811,1,0,0,development
998,I need to return a product I received.,i need to return a product i received.,Return Policy,38,8,0,0,812,1,0,0,development
999,What is the procedure for sending an order back?,what is the procedure for sending an order back?,Return Policy,48,9,0,0,813,1,0,0,development
1001,How do I begin the process of returning a product?,how do i begin the process of returning a product?,Return Policy,50,10,0,0,815,1,0,0,development
1002,I'd like to return one of the things I purchased.,i'd like to return one of the things i purchased.,Return Policy,49,10,0,0,816,1,0,0,development
1003,Can you explain how I can return my order?,can you explain how i can return my order?,Return Policy,42,9,0,0,817,1,0,0,development
1004,Is this purchase covered by the return policy?,is this purchase covered by the return policy?,Return Policy,46,8,0,0,818,1,0,0,development
1005,What are the requirements for sending a product back?,what are the requirements for sending a product back?,Return Policy,53,9,0,0,819,1,0,0,development
1006,Can I return an item if I no longer want it?,can i return an item if i no longer want it?,Return Policy,44,11,0,0,820,1,0,0,development
1007,I changed my mind about this purchase. Can it be returned?,i changed my mind about this purchase. can it be returned?,Return Policy,58,11,0,0,821,1,0,0,development
1008,How do I send back something that was delivered to me?,how do i send back something that was delivered to me?,Return Policy,54,11,0,0,822,1,0,0,development
1009,Can a product be returned after I receive it?,can a product be returned after i receive it?,Return Policy,45,9,0,0,823,1,0,0,development
1010,I'd like to give back an item from my order.,i'd like to give back an item from my order.,Return Policy,44,10,0,0,824,1,0,0,development
1011,What should I do if I want to return a delivered item?,what should i do if i want to return a delivered item?,Return Policy,54,12,0,0,825,1,0,0,development
1012,Can I start a return for a product I already received?,can i start a return for a product i already received?,Return Policy,54,11,0,0,826,1,0,0,development
1013,How can I return an item that doesn't work for me?,how can i return an item that doesn't work for me?,Return Policy,50,11,0,0,827,1,0,0,development
1015,I want to return this product and need instructions.,i want to return this product and need instructions.,Return Policy,52,9,0,0,829,1,0,0,development
1016,How do I request that an item be returned?,how do i request that an item be returned?,Return Policy,42,9,0,0,830,1,0,0,development
1017,Can I send back a product after opening it?,can i send back a product after opening it?,Return Policy,43,9,0,0,831,1,0,0,development
1018,I opened the package. Can I still return the product?,i opened the package. can i still return the product?,Return Policy,53,10,0,0,832,1,0,0,development
1019,Does opening an item prevent me from returning it?,does opening an item prevent me from returning it?,Return Policy,50,9,0,0,833,1,0,0,development
1020,I have already opened the product and want to send it back.,i have already opened the product and want to send it back.,Return Policy,59,12,0,0,834,1,0,0,development
1021,Are opened products accepted for return?,are opened products accepted for return?,Return Policy,40,6,0,0,835,1,0,0,development
1022,Can an opened package still be returned?,can an opened package still be returned?,Return Policy,40,7,0,0,836,1,0,0,development
1023,What are the rules if the item has been opened?,what are the rules if the item has been opened?,Return Policy,47,10,0,0,837,1,0,0,development
1024,I opened the item before deciding to return it. Is that okay?,i opened the item before deciding to return it. is that okay?,Return Policy,61,12,0,0,838,1,0,0,development
1025,I don't have my invoice anymore. Can I still return the product?,i don't have my invoice anymore. can i still return the product?,Return Policy,64,12,0,0,839,1,0,0,development
1026,What if I lost the invoice for my purchase?,what if i lost the invoice for my purchase?,Return Policy,43,9,0,0,840,1,0,0,development
1028,Can a return be made without proof of purchase?,can a return be made without proof of purchase?,Return Policy,47,9,0,0,842,1,0,0,development
1030,I cannot find my invoice. Is a return still possible?,i cannot find my invoice. is a return still possible?,Return Policy,53,10,0,0,844,1,0,0,development
1031,What documents do I need when returning an item?,what documents do i need when returning an item?,Return Policy,48,9,0,0,845,1,0,0,development
1032,Can I return a product bought on discount?,can i return a product bought on discount?,Return Policy,42,8,0,0,846,1,0,0,development
1033,I purchased this during a sale. Is it returnable?,i purchased this during a sale. is it returnable?,Return Policy,49,9,0,0,847,1,0,0,development
1034,Are discounted products included in the return policy?,are discounted products included in the return policy?,Return Policy,54,8,0,0,848,1,0,0,development
1036,Can I send back an item I bought at a reduced price?,can i send back an item i bought at a reduced price?,Return Policy,52,12,0,0,850,1,0,0,development
1037,I got this product during a promotion. Can I return it?,i got this product during a promotion. can i return it?,Return Policy,55,11,0,0,851,1,0,0,development
1038,Are sale items excluded from returns?,are sale items excluded from returns?,Return Policy,37,6,0,0,852,1,0,0,development
1039,Does the price I paid affect whether I can return the item?,does the price i paid affect whether i can return the item?,Return Policy,59,12,0,0,853,1,0,0,development
1041,What is the return period for my purchase?,what is the return period for my purchase?,Return Policy,42,8,0,0,855,1,0,0,development
1042,How much time do I have before the return window closes?,how much time do i have before the return window closes?,Return Policy,56,11,0,0,856,1,0,0,development
1043,When is the last day I can request a return?,when is the last day i can request a return?,Return Policy,44,10,0,0,857,1,0,0,development
1045,How many days is the return window?,how many days is the return window?,Return Policy,35,7,0,0,859,1,0,0,development
1046,Does the return period begin when the product is delivered?,does the return period begin when the product is delivered?,Return Policy,59,10,0,0,860,1,0,0,development
1047,Can I return the item after waiting several days?,can i return the item after waiting several days?,Return Policy,49,9,0,0,861,1,0,0,development
1048,What is the allowed time for returning a product?,what is the allowed time for returning a product?,Return Policy,49,9,0,0,862,1,0,0,development
1049,How long is an item eligible for return?,how long is an item eligible for return?,Return Policy,40,8,0,0,863,1,0,0,development
1050,I ordered several things but want to return just one.,i ordered several things but want to return just one.,Return Policy,53,10,0,0,864,1,0,0,development
1051,Is partial return possible for a multi-item order?,is partial return possible for a multi-item order?,Return Policy,50,8,0,0,865,1,0,0,development
1052,How do I return one item while keeping the others?,how do i return one item while keeping the others?,Return Policy,50,10,0,0,866,1,0,0,development
1053,Can I return a single product from a combined purchase?,can i return a single product from a combined purchase?,Return Policy,55,10,0,0,867,1,0,0,development
1055,Can I keep the rest of my order and return one product?,can i keep the rest of my order and return one product?,Return Policy,55,12,0,0,869,1,0,0,development
1057,Can I return an accessory from my order?,can i return an accessory from my order?,Return Policy,40,8,0,0,871,1,0,0,development
1058,I want to send one of the accessories back. Is that allowed?,i want to send one of the accessories back. is that allowed?,Return Policy,60,12,0,0,872,1,0,0,development
1059,Are accessories covered by the return policy?,are accessories covered by the return policy?,Return Policy,45,7,0,0,873,1,0,0,development
1060,Can an accessory be returned separately?,can an accessory be returned separately?,Return Policy,40,6,0,0,874,1,0,0,development
1061,I need to return an accessory I received.,i need to return an accessory i received.,Return Policy,41,8,0,0,875,1,0,0,development
1062,What should I do if I want to return an accessory?,what should i do if i want to return an accessory?,Return Policy,50,11,0,0,876,1,0,0,development
1064,Can I send back an accessory that came with my purchase?,can i send back an accessory that came with my purchase?,Return Policy,56,11,0,0,878,1,0,0,development
1065,Can I return an electronic product?,can i return an electronic product?,Return Policy,35,6,0,0,879,1,0,0,development
1066,Are electronic items eligible for returns?,are electronic items eligible for returns?,Return Policy,42,6,0,0,880,1,0,0,development
1067,I bought a laptop and want to return it. Is that allowed?,i bought a laptop and want to return it. is that allowed?,Return Policy,57,12,0,0,881,1,0,0,development
1068,Can I return a phone after it has been delivered?,can i return a phone after it has been delivered?,Return Policy,49,10,0,0,882,1,0,0,development
1069,What are the return rules for electronics?,what are the return rules for electronics?,Return Policy,42,7,0,0,883,1,0,0,development
1070,Is a delivered electronic item returnable?,is a delivered electronic item returnable?,Return Policy,42,6,0,0,884,1,0,0,development
1071,Can I send an electronic product back after opening it?,can i send an electronic product back after opening it?,Return Policy,55,10,0,0,885,1,0,0,development
1072,How does the return policy apply to electronic purchases?,how does the return policy apply to electronic purchases?,Return Policy,57,9,0,0,886,1,0,0,development
1073,I received a device and want to return it. What should I do?,i received a device and want to return it. what should i do?,Return Policy,60,13,0,0,887,1,0,0,development
1076,Can I return this item and get a different one?,can i return this item and get a different one?,Return Policy,47,10,0,0,889,1,0,0,development
1077,Is an exchange available when I request a return?,is an exchange available when i request a return?,Return Policy,49,9,0,0,890,1,0,0,development
1078,What should I do if I want another product instead?,what should i do if i want another product instead?,Return Policy,51,10,0,0,891,1,0,0,development
1079,Can I swap the item I received for another product?,can i swap the item i received for another product?,Return Policy,51,10,0,0,892,1,0,0,development
1080,I'd prefer an exchange instead of keeping this item.,i'd prefer an exchange instead of keeping this item.,Return Policy,52,9,0,0,893,1,0,0,development
1081,How do I request an exchange through the return process?,how do i request an exchange through the return process?,Return Policy,56,10,0,0,894,1,0,0,development
1083,What is the next step once I request a return?,what is the next step once i request a return?,Return Policy,46,10,0,0,896,1,0,0,development
1085,Can I return a product if I bought it a few days ago?,can i return a product if i bought it a few days ago?,Return Policy,53,13,0,0,897,1,0,0,development
1086,I want to send this item back after receiving it.,i want to send this item back after receiving it.,Return Policy,49,10,0,0,898,1,0,0,development
1087,How do I arrange a return for something I purchased?,how do i arrange a return for something i purchased?,Return Policy,52,10,0,0,899,1,0,0,development
1088,Is there a way to return this order?,is there a way to return this order?,Return Policy,36,8,0,0,900,1,0,0,development
1089,Can I start a return request for my purchase?,can i start a return request for my purchase?,Return Policy,45,9,0,0,901,1,0,0,development
1090,What do I have to do to return an item?,what do i have to do to return an item?,Return Policy,39,10,0,0,902,1,0,0,development
1091,I'd like to send my product back. Where do I start?,i'd like to send my product back. where do i start?,Return Policy,51,11,0,0,903,1,0,0,development
1092,Can this item be sent back after delivery?,can this item be sent back after delivery?,Return Policy,42,8,0,0,904,1,0,0,development
1093,How can I return something that has already arrived?,how can i return something that has already arrived?,Return Policy,52,9,0,0,905,1,0,0,development
1094,I need instructions for returning my order.,i need instructions for returning my order.,Return Policy,43,7,0,0,906,1,0,0,development
1095,What is the process for sending a purchased item back?,what is the process for sending a purchased item back?,Return Policy,54,10,0,0,907,1,0,0,development
1096,Can I request a return after the product has been delivered?,can i request a return after the product has been delivered?,Return Policy,60,11,0,0,908,1,0,0,development
1097,I'd like to return an item from my recent order.,i'd like to return an item from my recent order.,Return Policy,48,10,0,0,909,1,0,0,development
1098,How do I go about returning this product?,how do i go about returning this product?,Return Policy,41,8,0,0,910,1,0,0,development
1100,What are the steps to initiate a product return?,what are the steps to initiate a product return?,Return Policy,48,9,0,0,912,1,0,0,development
1101,I want to return an item I received. How does it work?,i want to return an item i received. how does it work?,Return Policy,54,12,0,0,913,1,0,0,development
1102,Where can I submit a return request?,where can i submit a return request?,Return Policy,36,7,0,0,914,1,0,0,development
1103,Is my order eligible to be returned?,is my order eligible to be returned?,Return Policy,36,7,0,0,915,1,0,0,development
1104,Can you explain the rules for returning this purchase?,can you explain the rules for returning this purchase?,Return Policy,54,9,0,0,916,1,0,0,development
1105,I need to send an item back and want to know the procedure.,i need to send an item back and want to know the procedure.,Return Policy,59,13,0,0,917,1,0,0,development
1106,How do I get a return started for my order?,how do i get a return started for my order?,Return Policy,43,10,0,0,918,1,0,0,development
1107,Can a delivered order be returned?,can a delivered order be returned?,Return Policy,34,6,0,0,919,1,0,0,development
1109,What should I do first if I want to return a product?,what should i do first if i want to return a product?,Return Policy,53,12,0,0,921,1,0,0,development
1110,Can I request a return for an item I already received?,can i request a return for an item i already received?,Return Policy,54,11,0,0,922,1,0,0,development
1111,How can I send back a product from my order?,how can i send back a product from my order?,Return Policy,44,10,0,0,923,1,0,0,development
1112,I'd like to know whether this item can be returned.,i'd like to know whether this item can be returned.,Return Policy,51,10,0,0,924,1,0,0,development
1113,What is the procedure for returning a delivered item?,what is the procedure for returning a delivered item?,Return Policy,53,9,0,0,925,1,0,0,development
1114,Can I return the product if I changed my mind?,can i return the product if i changed my mind?,Return Policy,46,10,0,0,926,1,0,0,development
1115,I ordered this by mistake and want to send it back.,i ordered this by mistake and want to send it back.,Return Policy,51,11,0,0,927,1,0,0,development
1116,I no longer want the product. Can I request a return?,i no longer want the product. can i request a return?,Return Policy,53,11,0,0,928,1,0,0,development
1117,Can I return something just because I changed my mind?,can i return something just because i changed my mind?,Return Policy,54,10,0,0,929,1,0,0,development
1118,The item isn't useful to me anymore. Can I send it back?,the item isn't useful to me anymore. can i send it back?,Return Policy,56,12,0,0,930,1,0,0,development
1119,I received the item but decided not to keep it.,i received the item but decided not to keep it.,Return Policy,47,10,0,0,931,1,0,0,development
1120,Can I return a product that I don't need now?,can i return a product that i don't need now?,Return Policy,45,10,0,0,932,1,0,0,development
1121,I changed my mind after receiving the order. What are my return options?,i changed my mind after receiving the order. what are my return options?,Return Policy,72,13,0,0,933,1,0,0,development
1122,Is a change of mind covered by the return policy?,is a change of mind covered by the return policy?,Return Policy,49,10,0,0,934,1,0,0,development
1123,I don't want to keep this purchase. Can it be returned?,i don't want to keep this purchase. can it be returned?,Return Policy,55,11,0,0,935,1,0,0,development
1124,Can I return an item because it isn't suitable for me?,can i return an item because it isn't suitable for me?,Return Policy,54,11,0,0,936,1,0,0,development
1125,Can I return a product that was opened?,can i return a product that was opened?,Return Policy,39,8,0,0,937,1,0,0,development
1126,I opened the package and now want to send the item back.,i opened the package and now want to send the item back.,Return Policy,56,12,0,0,938,1,0,0,development
1127,Does opening the product affect my ability to return it?,does opening the product affect my ability to return it?,Return Policy,56,10,0,0,939,1,0,0,development
1128,I have already opened the item. Can I still request a return?,i have already opened the item. can i still request a return?,Return Policy,61,12,0,0,940,1,0,0,development
1129,Are opened products accepted under the return policy?,are opened products accepted under the return policy?,Return Policy,53,8,0,0,941,1,0,0,development
1130,Can I return something after checking it out of the package?,can i return something after checking it out of the package?,Return Policy,60,11,0,0,942,1,0,0,development
1131,I opened the box before deciding to return the product. Is that allowed?,i opened the box before deciding to return the product. is that allowed?,Return Policy,72,13,0,0,943,1,0,0,development
1132,What are the rules for returning an opened item?,what are the rules for returning an opened item?,Return Policy,48,9,0,0,944,1,0,0,development
1133,Can an item be returned if its packaging has been opened?,can an item be returned if its packaging has been opened?,Return Policy,57,11,0,0,945,1,0,0,development
1134,I need to return an item but no longer have the invoice.,i need to return an item but no longer have the invoice.,Return Policy,56,12,0,0,946,1,0,0,development
1135,Can I request a return without my invoice?,can i request a return without my invoice?,Return Policy,42,8,0,0,947,1,0,0,development
1136,I lost the invoice for my order. Can I still return it?,i lost the invoice for my order. can i still return it?,Return Policy,55,12,0,0,948,1,0,0,development
1137,Is proof of purchase required for a return?,is proof of purchase required for a return?,Return Policy,43,8,0,0,949,1,0,0,development
1138,What happens if I cannot find my purchase invoice?,what happens if i cannot find my purchase invoice?,Return Policy,50,9,0,0,950,1,0,0,development
1139,Can I send an item back without the original receipt?,can i send an item back without the original receipt?,Return Policy,53,10,0,0,951,1,0,0,development
1140,Do I need to provide an invoice when requesting a return?,do i need to provide an invoice when requesting a return?,Return Policy,57,11,0,0,952,1,0,0,development
1141,Is a return possible if I don't have the paperwork?,is a return possible if i don't have the paperwork?,Return Policy,51,10,0,0,953,1,0,0,development
1142,Can I return my purchase without proof of purchase?,can i return my purchase without proof of purchase?,Return Policy,51,9,0,0,954,1,0,0,development
1144,I bought this during a sale. Can I return it?,i bought this during a sale. can i return it?,Return Policy,45,10,0,0,956,1,0,0,development
1145,Are sale items eligible for return?,are sale items eligible for return?,Return Policy,35,6,0,0,957,1,0,0,development
1146,Can a discounted product be sent back?,can a discounted product be sent back?,Return Policy,38,7,0,0,958,1,0,0,development
1147,Does purchasing during a sale change the return rules?,does purchasing during a sale change the return rules?,Return Policy,54,9,0,0,959,1,0,0,development
1148,I purchased this at a promotional price and want to return it.,i purchased this at a promotional price and want to return it.,Return Policy,62,12,0,0,960,1,0,0,development
1149,Can I return an item bought during a special offer?,can i return an item bought during a special offer?,Return Policy,51,10,0,0,961,1,0,0,development
1150,Are products bought on discount covered by the return policy?,are products bought on discount covered by the return policy?,Return Policy,61,10,0,0,962,1,0,0,development
1151,Can I send back a sale purchase after delivery?,can i send back a sale purchase after delivery?,Return Policy,47,9,0,0,963,1,0,0,development
1152,Is the return period different for sale items?,is the return period different for sale items?,Return Policy,46,8,0,0,964,1,0,0,development
1153,What are the return rules for a discounted order?,what are the return rules for a discounted order?,Return Policy,49,9,0,0,965,1,0,0,development
1155,When does my return window end?,when does my return window end?,Return Policy,31,6,0,0,966,1,0,0,development
1156,What is the deadline for requesting a return?,what is the deadline for requesting a return?,Return Policy,45,8,0,0,967,1,0,0,development
1157,How long is the return period after delivery?,how long is the return period after delivery?,Return Policy,45,8,0,0,968,1,0,0,development
1158,Can I return something after several days?,can i return something after several days?,Return Policy,42,7,0,0,969,1,0,0,development
1159,How much time do I get to send an item back?,how much time do i get to send an item back?,Return Policy,44,11,0,0,970,1,0,0,development
1160,What is the allowed return window?,what is the allowed return window?,Return Policy,34,6,0,0,971,1,0,0,development
1161,When should I submit a return request by?,when should i submit a return request by?,Return Policy,41,8,0,0,972,1,0,0,development
1162,Does the return period start when the order arrives?,does the return period start when the order arrives?,Return Policy,52,9,0,0,973,1,0,0,development
1163,How long does a product remain eligible for return?,how long does a product remain eligible for return?,Return Policy,51,9,0,0,974,1,0,0,development
1164,Can I return one item from an order with several products?,can i return one item from an order with several products?,Return Policy,58,11,0,0,975,1,0,0,development
1165,I only want to return one of the items I purchased.,i only want to return one of the items i purchased.,Return Policy,51,11,0,0,976,1,0,0,development
1166,How do I return a single item while keeping the others?,how do i return a single item while keeping the others?,Return Policy,55,11,0,0,977,1,0,0,development
1167,Is it possible to make a partial return?,is it possible to make a partial return?,Return Policy,40,8,0,0,978,1,0,0,development
1168,I want to keep the rest of the order but return one product.,i want to keep the rest of the order but return one product.,Return Policy,60,13,0,0,979,1,0,0,development
1169,Can I return just one item from a multi-item purchase?,can i return just one item from a multi-item purchase?,Return Policy,54,10,0,0,980,1,0,0,development
1171,I need to send one item from my order back.,i need to send one item from my order back.,Return Policy,43,10,0,0,982,1,0,0,development
1172,Can I return an individual product instead of the whole order?,can i return an individual product instead of the whole order?,Return Policy,62,11,0,0,983,1,0,0,development
1176,Will the return be collected from my address?,will the return be collected from my address?,Return Policy,45,8,0,0,985,1,0,0,development
1177,Can I request a pickup when I submit my return?,can i request a pickup when i submit my return?,Return Policy,47,10,0,0,986,1,0,0,development
1178,Do I need to ship the item myself for a return?,do i need to ship the item myself for a return?,Return Policy,47,11,0,0,987,1,0,0,development
1179,How are returned items collected?,how are returned items collected?,Return Policy,33,5,0,0,988,1,0,0,development
1181,Can the company arrange collection of my returned item?,can the company arrange collection of my returned item?,Return Policy,55,9,0,0,990,1,0,0,development
1182,What happens with pickup after I submit a return request?,what happens with pickup after i submit a return request?,Return Policy,57,10,0,0,991,1,0,0,development
1183,Can I exchange an item rather than return it?,can i exchange an item rather than return it?,Return Policy,45,9,0,0,992,1,0,0,development
1184,I'd prefer a different product instead of keeping this one.,i'd prefer a different product instead of keeping this one.,Return Policy,59,10,0,0,993,1,0,0,development
1185,Can I return this item if I have only had it for a short time?,can i return this item if i have only had it for a short time?,Return Policy,62,15,0,0,994,1,0,0,development
1186,I want to send the product back after it was delivered.,i want to send the product back after it was delivered.,Return Policy,55,11,0,0,995,1,0,0,development
1187,How do I request a return for my latest order?,how do i request a return for my latest order?,Return Policy,46,10,0,0,996,1,0,0,development
1189,Can I return a product that I received recently?,can i return a product that i received recently?,Return Policy,48,9,0,0,998,1,0,0,development
1190,Where can I start the return process for my item?,where can i start the return process for my item?,Return Policy,49,10,0,0,999,1,0,0,development
1191,I'd like to send back a product from my order.,i'd like to send back a product from my order.,Return Policy,46,10,0,0,1000,1,0,0,development
1192,Is this item covered by the return rules?,is this item covered by the return rules?,Return Policy,41,8,0,0,1001,1,0,0,development
1193,How can I arrange for this purchase to be returned?,how can i arrange for this purchase to be returned?,Return Policy,51,10,0,0,1002,1,0,0,development
1194,I need to return something from my order. How does that work?,i need to return something from my order. how does that work?,Return Policy,61,12,0,0,1003,1,0,0,development
1195,Can I ask for a return after receiving my purchase?,can i ask for a return after receiving my purchase?,Return Policy,51,10,0,0,1004,1,0,0,development
1196,What is required to send an item back?,what is required to send an item back?,Return Policy,38,8,0,0,1005,1,0,0,development
1197,How do I initiate a return for a delivered product?,how do i initiate a return for a delivered product?,Return Policy,51,10,0,0,1006,1,0,0,development
1198,I'd like to return this item and need to know the procedure.,i'd like to return this item and need to know the procedure.,Return Policy,60,12,0,0,1007,1,0,0,development
1199,Can I send a product back once I have received it?,can i send a product back once i have received it?,Return Policy,50,11,0,0,1008,1,0,0,development
1200,What are the steps for returning a recently delivered item?,what are the steps for returning a recently delivered item?,Return Policy,59,10,0,0,1009,1,0,0,development
1201,I want to return my purchase. Where do I submit the request?,i want to return my purchase. where do i submit the request?,Return Policy,60,12,0,0,1010,1,0,0,development
1202,Can I request a return for something I ordered online?,can i request a return for something i ordered online?,Return Policy,54,10,0,0,1011,1,0,0,development
1203,How do I get the return process started?,how do i get the return process started?,Return Policy,40,8,0,0,1012,1,0,0,development
1204,What should I do if I want to send my order back?,what should i do if i want to send my order back?,Return Policy,49,12,0,0,1013,1,0,0,development
1205,I received my order and would like to return one of the items.,i received my order and would like to return one of the items.,Return Policy,62,13,0,0,1014,1,0,0,development
1206,Can a purchase be returned after it has been delivered?,can a purchase be returned after it has been delivered?,Return Policy,55,10,0,0,1015,1,0,0,development
1207,I'd like to know whether I can return this product.,i'd like to know whether i can return this product.,Return Policy,51,10,0,0,1016,1,0,0,development
1208,What is the correct way to return an item?,what is the correct way to return an item?,Return Policy,42,9,0,0,1017,1,0,0,development
1209,Can I return something that I bought recently?,can i return something that i bought recently?,Return Policy,46,8,0,0,1018,1,0,0,development
1210,I need help starting a return for my order.,i need help starting a return for my order.,Return Policy,43,9,0,0,1019,1,0,0,development
1211,How do I send back an item I no longer want?,how do i send back an item i no longer want?,Return Policy,44,11,0,0,1020,1,0,0,development
1212,Is there a return option for this product?,is there a return option for this product?,Return Policy,42,8,0,0,1021,1,0,0,development
1213,Can I request a return instead of keeping the item?,can i request a return instead of keeping the item?,Return Policy,51,10,0,0,1022,1,0,0,development
1214,I want to give this purchase back. What are the steps?,i want to give this purchase back. what are the steps?,Return Policy,54,11,0,0,1023,1,0,0,development
1216,I opened the product and now want to return it. Can I?,i opened the product and now want to return it. can i?,Return Policy,54,12,0,0,1025,1,0,0,development
1217,Does opening the box make the item ineligible for return?,does opening the box make the item ineligible for return?,Return Policy,57,10,0,0,1026,1,0,0,development
1218,What happens if I want to return an item after opening it?,what happens if i want to return an item after opening it?,Return Policy,58,12,0,0,1027,1,0,0,development
1219,Can I send back a product that I already opened?,can i send back a product that i already opened?,Return Policy,48,10,0,0,1028,1,0,0,development
1220,Are opened products allowed to be returned?,are opened products allowed to be returned?,Return Policy,43,7,0,0,1029,1,0,0,development
1221,I checked the product before deciding to return it. Is that allowed?,i checked the product before deciding to return it. is that allowed?,Return Policy,68,12,0,0,1030,1,0,0,development
1222,Can I return an item if the packaging has been opened?,can i return an item if the packaging has been opened?,Return Policy,54,11,0,0,1031,1,0,0,development
1223,I opened my order and changed my mind. Can I return it?,i opened my order and changed my mind. can i return it?,Return Policy,55,12,0,0,1032,1,0,0,development
1224,What conditions apply when returning an opened product?,what conditions apply when returning an opened product?,Return Policy,55,8,0,0,1033,1,0,0,development
1225,Can I return the item without having the invoice?,can i return the item without having the invoice?,Return Policy,49,9,0,0,1034,1,0,0,development
1227,What if my invoice is missing when I request a return?,what if my invoice is missing when i request a return?,Return Policy,54,11,0,0,1036,1,0,0,development
1228,Do I need the invoice to send the product back?,do i need the invoice to send the product back?,Return Policy,47,10,0,0,1037,1,0,0,development
1229,Is an invoice required for a return request?,is an invoice required for a return request?,Return Policy,44,8,0,0,1038,1,0,0,development
1230,I lost the receipt. Can I still return the item?,i lost the receipt. can i still return the item?,Return Policy,48,10,0,0,1039,1,0,0,development
1231,What documents are needed to return my order?,what documents are needed to return my order?,Return Policy,45,8,0,0,1040,1,0,0,development
1232,Can a return be requested if I cannot provide the invoice?,can a return be requested if i cannot provide the invoice?,Return Policy,58,11,0,0,1041,1,0,0,development
1234,I purchased this during a sale. Can I still return it?,i purchased this during a sale. can i still return it?,Return Policy,54,11,0,0,1043,1,0,0,development
1235,Are discounted items returnable?,are discounted items returnable?,Return Policy,32,4,0,0,1044,1,0,0,development
1236,Can I send a sale item back after delivery?,can i send a sale item back after delivery?,Return Policy,43,9,0,0,1045,1,0,0,development
1237,Does a promotional price affect my return eligibility?,does a promotional price affect my return eligibility?,Return Policy,54,8,0,0,1046,1,0,0,development
1238,I bought this during a discount and now want to return it.,i bought this during a discount and now want to return it.,Return Policy,58,12,0,0,1047,1,0,0,development
1239,Are products purchased on sale subject to the return policy?,are products purchased on sale subject to the return policy?,Return Policy,60,10,0,0,1048,1,0,0,development
1240,Can an item bought in a promotion be returned?,can an item bought in a promotion be returned?,Return Policy,46,9,0,0,1049,1,0,0,development
1241,Do sale purchases have different return conditions?,do sale purchases have different return conditions?,Return Policy,51,7,0,0,1050,1,0,0,development
1242,Is a discounted order eligible for a return?,is a discounted order eligible for a return?,Return Policy,44,8,0,0,1051,1,0,0,development
1243,Can I return an item that was bought at a reduced price?,can i return an item that was bought at a reduced price?,Return Policy,56,12,0,0,1052,1,0,0,development
1244,How long do I have to return this product?,how long do i have to return this product?,Return Policy,42,9,0,0,1053,1,0,0,development
1245,What is the return window for an order?,what is the return window for an order?,Return Policy,39,8,0,0,1054,1,0,0,development
1246,When does the period for returning an item end?,when does the period for returning an item end?,Return Policy,47,9,0,0,1055,1,0,0,development
1247,How many days are available for a return?,how many days are available for a return?,Return Policy,41,8,0,0,1056,1,0,0,development
1248,Can I request a return several days after delivery?,can i request a return several days after delivery?,Return Policy,51,9,0,0,1057,1,0,0,development
1249,What is the deadline for sending my purchase back?,what is the deadline for sending my purchase back?,Return Policy,50,9,0,0,1058,1,0,0,development
1250,How soon after delivery do I need to request a return?,how soon after delivery do i need to request a return?,Return Policy,54,11,0,0,1059,1,0,0,development
1251,Does the return period begin when I receive the item?,does the return period begin when i receive the item?,Return Policy,53,10,0,0,1060,1,0,0,development
1252,How long does an item remain eligible for return?,how long does an item remain eligible for return?,Return Policy,49,9,0,0,1061,1,0,0,development
1253,When is the final day I can start a return?,when is the final day i can start a return?,Return Policy,43,10,0,0,1062,1,0,0,development
1254,Can I return just one product from my order?,can i return just one product from my order?,Return Policy,44,9,0,0,1063,1,0,0,development
1255,I want to return one item and keep everything else.,i want to return one item and keep everything else.,Return Policy,51,10,0,0,1064,1,0,0,development
1256,Can I send only part of my order back?,can i send only part of my order back?,Return Policy,38,9,0,0,1065,1,0,0,development
1257,Is it possible to return one item from a multi-item order?,is it possible to return one item from a multi-item order?,Return Policy,58,11,0,0,1066,1,0,0,development
1258,How do I return one product without returning the others?,how do i return one product without returning the others?,Return Policy,57,10,0,0,1067,1,0,0,development
1260,Can I make a partial return on my purchase?,can i make a partial return on my purchase?,Return Policy,43,9,0,0,1068,1,0,0,development
1261,Is a single-item return possible when I bought several products?,is a single-item return possible when i bought several products?,Return Policy,64,10,0,0,1069,1,0,0,development
1262,Can I keep the other products and return this one?,can i keep the other products and return this one?,Return Policy,50,10,0,0,1070,1,0,0,development
1264,Can I return an accessory separately from my order?,can i return an accessory separately from my order?,Return Policy,51,9,0,0,1071,1,0,0,development
1265,I want to send an accessory back. Is that possible?,i want to send an accessory back. is that possible?,Return Policy,51,10,0,0,1072,1,0,0,development
1266,Are accessories included in the return policy?,are accessories included in the return policy?,Return Policy,46,7,0,0,1073,1,0,0,development
1267,Can I request a return for an accessory I received?,can i request a return for an accessory i received?,Return Policy,51,10,0,0,1074,1,0,0,development
1268,How do I return an accessory from my purchase?,how do i return an accessory from my purchase?,Return Policy,46,9,0,0,1075,1,0,0,development
1270,Can an accessory be sent back after delivery?,can an accessory be sent back after delivery?,Return Policy,45,8,0,0,1076,1,0,0,development
1272,Can I return an accessory without returning the main product?,can i return an accessory without returning the main product?,Return Policy,61,10,0,0,1077,1,0,0,development
1273,What are the return rules for accessories?,what are the return rules for accessories?,Return Policy,42,7,0,0,1078,1,0,0,development
1274,Can I return a laptop after it has been delivered?,can i return a laptop after it has been delivered?,Return Policy,50,10,0,0,1079,1,0,0,development
1275,Is a phone purchase eligible for return?,is a phone purchase eligible for return?,Return Policy,40,7,0,0,1080,1,0,0,development
1276,Can I send an electronic device back?,can i send an electronic device back?,Return Policy,37,7,0,0,1081,1,0,0,development
1277,Are electronics included in the return policy?,are electronics included in the return policy?,Return Policy,46,7,0,0,1082,1,0,0,development
1278,I received a laptop and want to return it. What do I do?,i received a laptop and want to return it. what do i do?,Return Policy,56,13,0,0,1083,1,0,0,development
1279,Can an electronic item be returned after delivery?,can an electronic item be returned after delivery?,Return Policy,50,8,0,0,1084,1,0,0,development
1280,What is the return procedure for a phone I purchased?,what is the return procedure for a phone i purchased?,Return Policy,53,10,0,0,1085,1,0,0,development
1281,Can I return a device that I already received?,can i return a device that i already received?,Return Policy,46,9,0,0,1086,1,0,0,development
1282,Are electronic purchases subject to the same return rules?,are electronic purchases subject to the same return rules?,Return Policy,58,9,0,0,1087,1,0,0,development
1283,I want to send my electronic product back. Is that allowed?,i want to send my electronic product back. is that allowed?,Return Policy,59,11,0,0,1088,1,0,0,development
1284,Can I exchange this product instead of keeping it?,can i exchange this product instead of keeping it?,Return Policy,50,9,0,0,1089,1,0,0,development
1285,How long does standard delivery usually take?,how long does standard delivery usually take?,Shipping Policy,45,7,0,0,1090,1,0,0,development
1287,What is the usual delivery time for an order?,what is the usual delivery time for an order?,Shipping Policy,45,9,0,0,1092,1,0,0,development
1288,How quickly will my package be delivered?,how quickly will my package be delivered?,Shipping Policy,41,7,0,0,1093,1,0,0,development
1289,Can you tell me how long shipping normally takes?,can you tell me how long shipping normally takes?,Shipping Policy,49,9,0,0,1094,1,0,0,development
1291,How many days does delivery usually take?,how many days does delivery usually take?,Shipping Policy,41,7,0,0,1096,1,0,0,development
1292,When will my package reach me?,when will my package reach me?,Shipping Policy,30,6,0,0,1097,1,0,0,development
1293,How long should I wait for my order to arrive?,how long should i wait for my order to arrive?,Shipping Policy,46,10,0,0,1098,1,0,0,development
1294,What is the estimated delivery time?,what is the estimated delivery time?,Shipping Policy,36,6,0,0,1099,1,0,0,development
1295,How soon can my order get here?,how soon can my order get here?,Shipping Policy,31,7,0,0,1100,1,0,0,development
1296,When can I expect delivery of my purchase?,when can i expect delivery of my purchase?,Shipping Policy,42,8,0,0,1101,1,0,0,development
1297,How long does it take for an order to reach the customer?,how long does it take for an order to reach the customer?,Shipping Policy,57,12,0,0,1102,1,0,0,development
1298,What is the normal shipping duration?,what is the normal shipping duration?,Shipping Policy,37,6,0,0,1103,1,0,0,development
1299,How much time should I allow for delivery?,how much time should i allow for delivery?,Shipping Policy,42,8,0,0,1104,1,0,0,development
1300,When should my shipment arrive?,when should my shipment arrive?,Shipping Policy,31,5,0,0,1105,1,0,0,development
1302,What is the typical time needed to deliver an order?,what is the typical time needed to deliver an order?,Shipping Policy,52,10,0,0,1107,1,0,0,development
1303,How quickly are orders normally delivered?,how quickly are orders normally delivered?,Shipping Policy,42,6,0,0,1108,1,0,0,development
1304,What delivery timeframe should I expect?,what delivery timeframe should i expect?,Shipping Policy,40,6,0,0,1109,1,0,0,development
1305,Is there an estimated arrival time for orders?,is there an estimated arrival time for orders?,Shipping Policy,46,8,0,0,1110,1,0,0,development
1306,How long does it normally take for a package to arrive?,how long does it normally take for a package to arrive?,Shipping Policy,55,11,0,0,1111,1,0,0,development
1307,When is my order likely to be delivered?,when is my order likely to be delivered?,Shipping Policy,40,8,0,0,1112,1,0,0,development
1308,How many days should delivery take?,how many days should delivery take?,Shipping Policy,35,6,0,0,1113,1,0,0,development
1309,What is the expected arrival window for my order?,what is the expected arrival window for my order?,Shipping Policy,49,9,0,0,1114,1,0,0,development
1311,Can I find out the usual shipping time?,can i find out the usual shipping time?,Shipping Policy,39,8,0,0,1116,1,0,0,development
1312,What should I expect in terms of delivery time?,what should i expect in terms of delivery time?,Shipping Policy,47,9,0,0,1117,1,0,0,development
1313,How long does an order usually stay in transit?,how long does an order usually stay in transit?,Shipping Policy,47,9,0,0,1118,1,0,0,development
1314,When can I expect my package to reach me?,when can i expect my package to reach me?,Shipping Policy,41,9,0,0,1119,1,0,0,development
1315,Do you offer express delivery?,do you offer express delivery?,Shipping Policy,30,5,0,0,1120,1,0,0,development
1316,Is express shipping available for orders?,is express shipping available for orders?,Shipping Policy,41,6,0,0,1121,1,0,0,development
1317,Can I choose a faster delivery option?,can i choose a faster delivery option?,Shipping Policy,38,7,0,0,1122,1,0,0,development
1318,Is there an express shipping service?,is there an express shipping service?,Shipping Policy,37,6,0,0,1123,1,0,0,development
1319,How can I get my order delivered faster?,how can i get my order delivered faster?,Shipping Policy,40,8,0,0,1124,1,0,0,development
1320,Are faster delivery options available?,are faster delivery options available?,Shipping Policy,38,5,0,0,1125,1,0,0,development
1321,Can I pay for expedited delivery?,can i pay for expedited delivery?,Shipping Policy,33,6,0,0,1126,1,0,0,development
1322,What options are available for faster shipping?,what options are available for faster shipping?,Shipping Policy,47,7,0,0,1127,1,0,0,development
1324,Do you have an expedited shipping option?,do you have an expedited shipping option?,Shipping Policy,41,7,0,0,1129,1,0,0,development
1325,Can I select express delivery at checkout?,can i select express delivery at checkout?,Shipping Policy,42,7,0,0,1130,1,0,0,development
1326,What is the fastest shipping option available?,what is the fastest shipping option available?,Shipping Policy,46,7,0,0,1131,1,0,0,development
1327,Can my order be sent using express shipping?,can my order be sent using express shipping?,Shipping Policy,44,8,0,0,1132,1,0,0,development
1328,Is priority delivery offered?,is priority delivery offered?,Shipping Policy,29,4,0,0,1133,1,0,0,development
1329,Do you provide an expedited delivery service?,do you provide an expedited delivery service?,Shipping Policy,45,7,0,0,1134,1,0,0,development
1330,Can I upgrade my order to faster shipping?,can i upgrade my order to faster shipping?,Shipping Policy,42,8,0,0,1135,1,0,0,development
1331,Is there a quicker shipping method I can choose?,is there a quicker shipping method i can choose?,Shipping Policy,48,9,0,0,1136,1,0,0,development
1332,Can I have my package delivered sooner?,can i have my package delivered sooner?,Shipping Policy,39,7,0,0,1137,1,0,0,development
1333,What faster delivery services do you offer?,what faster delivery services do you offer?,Shipping Policy,43,7,0,0,1138,1,0,0,development
1334,How much does shipping cost?,how much does shipping cost?,Shipping Policy,28,5,0,0,1139,1,0,0,development
1336,Is there a shipping fee for my order?,is there a shipping fee for my order?,Shipping Policy,37,8,0,0,1141,1,0,0,development
1337,How are shipping charges calculated?,how are shipping charges calculated?,Shipping Policy,36,5,0,0,1142,1,0,0,development
1338,Do I have to pay extra for delivery?,do i have to pay extra for delivery?,Shipping Policy,36,8,0,0,1143,1,0,0,development
1339,What is the cost of shipping an order?,what is the cost of shipping an order?,Shipping Policy,38,8,0,0,1144,1,0,0,development
1340,How much should I expect to pay for shipping?,how much should i expect to pay for shipping?,Shipping Policy,45,9,0,0,1145,1,0,0,development
1341,Are delivery charges added to the order?,are delivery charges added to the order?,Shipping Policy,40,7,0,0,1146,1,0,0,development
1342,What are the shipping fees?,what are the shipping fees?,Shipping Policy,27,5,0,0,1147,1,0,0,development
1343,Will shipping be charged separately?,will shipping be charged separately?,Shipping Policy,36,5,0,0,1148,1,0,0,development
1344,How much is the delivery charge?,how much is the delivery charge?,Shipping Policy,32,6,0,0,1149,1,0,0,development
1345,Is there an additional fee for shipping?,is there an additional fee for shipping?,Shipping Policy,40,7,0,0,1150,1,0,0,development
1347,Do shipping charges depend on the order?,do shipping charges depend on the order?,Shipping Policy,40,7,0,0,1152,1,0,0,development
1348,Can you tell me the delivery cost?,can you tell me the delivery cost?,Shipping Policy,34,7,0,0,1153,1,0,0,development
1349,Are there any charges for standard shipping?,are there any charges for standard shipping?,Shipping Policy,44,7,0,0,1154,1,0,0,development
1350,What fee do you charge for shipping?,what fee do you charge for shipping?,Shipping Policy,36,7,0,0,1155,1,0,0,development
1351,How much will delivery add to my purchase?,how much will delivery add to my purchase?,Shipping Policy,42,8,0,0,1156,1,0,0,development
1352,Is shipping included in the order price?,is shipping included in the order price?,Shipping Policy,40,7,0,0,1157,1,0,0,development
1353,Do you charge for sending the package?,do you charge for sending the package?,Shipping Policy,38,7,0,0,1158,1,0,0,development
1354,Is free shipping available?,is free shipping available?,Shipping Policy,27,4,0,0,1159,1,0,0,development
1355,Do you offer free delivery?,do you offer free delivery?,Shipping Policy,27,5,0,0,1160,1,0,0,development
1356,Can I get my order shipped without a delivery fee?,can i get my order shipped without a delivery fee?,Shipping Policy,50,10,0,0,1161,1,0,0,development
1357,Are there orders that qualify for free shipping?,are there orders that qualify for free shipping?,Shipping Policy,48,8,0,0,1162,1,0,0,development
1358,Do you provide complimentary shipping?,do you provide complimentary shipping?,Shipping Policy,38,5,0,0,1163,1,0,0,development
1359,Can my delivery be free of charge?,can my delivery be free of charge?,Shipping Policy,34,7,0,0,1164,1,0,0,development
1360,Is standard delivery free?,is standard delivery free?,Shipping Policy,26,4,0,0,1165,1,0,0,development
1361,When is shipping free?,when is shipping free?,Shipping Policy,22,4,0,0,1166,1,0,0,development
1362,Do I have to pay for every delivery?,do i have to pay for every delivery?,Shipping Policy,36,8,0,0,1167,1,0,0,development
1363,Are there free shipping options?,are there free shipping options?,Shipping Policy,32,5,0,0,1168,1,0,0,development
1364,Can I place an order without paying a shipping charge?,can i place an order without paying a shipping charge?,Shipping Policy,54,10,0,0,1169,1,0,0,development
1365,Does the company offer free delivery on orders?,does the company offer free delivery on orders?,Shipping Policy,47,8,0,0,1170,1,0,0,development
1366,Is there a free shipping option for customers?,is there a free shipping option for customers?,Shipping Policy,46,8,0,0,1171,1,0,0,development
1368,Do some orders come with free shipping?,do some orders come with free shipping?,Shipping Policy,39,7,0,0,1173,1,0,0,development
1369,Is delivery included at no extra cost?,is delivery included at no extra cost?,Shipping Policy,38,7,0,0,1174,1,0,0,development
1370,Can shipping be free for certain orders?,can shipping be free for certain orders?,Shipping Policy,40,7,0,0,1175,1,0,0,development
1371,Do you waive delivery charges on eligible orders?,do you waive delivery charges on eligible orders?,Shipping Policy,49,8,0,0,1176,1,0,0,development
1372,Is there a way to receive free shipping?,is there a way to receive free shipping?,Shipping Policy,40,8,0,0,1177,1,0,0,development
1373,Can I track my order after it has shipped?,can i track my order after it has shipped?,Shipping Policy,42,9,0,0,1178,1,0,0,development
1374,How can I check where my package is?,how can i check where my package is?,Shipping Policy,36,8,0,0,1179,1,0,0,development
1376,Is order tracking available?,is order tracking available?,Shipping Policy,28,4,0,0,1180,1,0,0,development
1377,How do I find the current location of my package?,how do i find the current location of my package?,Shipping Policy,49,10,0,0,1181,1,0,0,development
1378,Can I see the status of my delivery?,can i see the status of my delivery?,Shipping Policy,36,8,0,0,1182,1,0,0,development
1379,How can I monitor my shipment?,how can i monitor my shipment?,Shipping Policy,30,6,0,0,1183,1,0,0,development
1380,Where do I check my order's delivery status?,where do i check my order's delivery status?,Shipping Policy,44,8,0,0,1184,1,0,0,development
1381,Can I follow the progress of my package?,can i follow the progress of my package?,Shipping Policy,40,8,0,0,1185,1,0,0,development
1382,Is there a tracking option for orders?,is there a tracking option for orders?,Shipping Policy,38,7,0,0,1186,1,0,0,development
1383,How do I track something I ordered?,how do i track something i ordered?,Shipping Policy,35,7,0,0,1187,1,0,0,development
1386,How can I find out where my order is?,how can i find out where my order is?,Shipping Policy,37,9,0,0,1190,1,0,0,development
1387,Is there a way to monitor the delivery?,is there a way to monitor the delivery?,Shipping Policy,39,8,0,0,1191,1,0,0,development
1388,Can I track my parcel online?,can i track my parcel online?,Shipping Policy,29,6,0,0,1192,1,0,0,development
1389,How do I check the progress of a shipment?,how do i check the progress of a shipment?,Shipping Policy,42,9,0,0,1193,1,0,0,development
1390,Can I see where my order is currently located?,can i see where my order is currently located?,Shipping Policy,46,9,0,0,1194,1,0,0,development
1391,How can I get tracking information for my package?,how can i get tracking information for my package?,Shipping Policy,50,9,0,0,1195,1,0,0,development
1392,Does my order come with tracking?,does my order come with tracking?,Shipping Policy,33,6,0,0,1196,1,0,0,development
1394,Where can I find the tracking ID for my order?,where can i find the tracking id for my order?,Shipping Policy,46,10,0,0,1198,1,0,0,development
1395,How do I get the tracking details for my shipment?,how do i get the tracking details for my shipment?,Shipping Policy,50,10,0,0,1199,1,0,0,development
1397,When will I receive my tracking information?,when will i receive my tracking information?,Shipping Policy,44,7,0,0,1201,1,0,0,development
1398,Can you provide the tracking number for my package?,can you provide the tracking number for my package?,Shipping Policy,51,9,0,0,1202,1,0,0,development
1399,How can I find my shipment tracking ID?,how can i find my shipment tracking id?,Shipping Policy,39,8,0,0,1203,1,0,0,development
1400,Does every shipped order have a tracking number?,does every shipped order have a tracking number?,Shipping Policy,48,8,0,0,1204,1,0,0,development
1401,Where should I look for my tracking number?,where should i look for my tracking number?,Shipping Policy,43,8,0,0,1205,1,0,0,development
1402,How do I use the tracking number to follow my order?,how do i use the tracking number to follow my order?,Shipping Policy,52,11,0,0,1206,1,0,0,development
1403,Will the tracking details be sent to me?,will the tracking details be sent to me?,Shipping Policy,40,8,0,0,1207,1,0,0,development
1404,Can I get an ID to track my shipment?,can i get an id to track my shipment?,Shipping Policy,37,9,0,0,1208,1,0,0,development
1405,What should I do if I haven't received a tracking number?,what should i do if i haven't received a tracking number?,Shipping Policy,57,11,0,0,1209,1,0,0,development
1406,How can I check my package without a tracking number?,how can i check my package without a tracking number?,Shipping Policy,53,10,0,0,1210,1,0,0,development
1407,Is there a tracking code for my delivery?,is there a tracking code for my delivery?,Shipping Policy,41,8,0,0,1211,1,0,0,development
1408,When should tracking information become available?,when should tracking information become available?,Shipping Policy,50,6,0,0,1212,1,0,0,development
1409,Do you ship to other countries?,do you ship to other countries?,Shipping Policy,31,6,0,0,1213,1,0,0,development
1410,Is international shipping available?,is international shipping available?,Shipping Policy,36,4,0,0,1214,1,0,0,development
1411,Can you deliver orders outside the country?,can you deliver orders outside the country?,Shipping Policy,43,7,0,0,1215,1,0,0,development
1413,Can I place an order from another country?,can i place an order from another country?,Shipping Policy,42,8,0,0,1217,1,0,0,development
1414,Are international deliveries supported?,are international deliveries supported?,Shipping Policy,39,4,0,0,1218,1,0,0,development
1415,Will you ship my order internationally?,will you ship my order internationally?,Shipping Policy,39,6,0,0,1219,1,0,0,development
1416,Can packages be delivered abroad?,can packages be delivered abroad?,Shipping Policy,33,5,0,0,1220,1,0,0,development
1417,Do you send products to customers overseas?,do you send products to customers overseas?,Shipping Policy,43,7,0,0,1221,1,0,0,development
1418,Is delivery available outside the country?,is delivery available outside the country?,Shipping Policy,42,6,0,0,1222,1,0,0,development
1419,Can I have an order shipped to another country?,can i have an order shipped to another country?,Shipping Policy,47,9,0,0,1223,1,0,0,development
1420,Which countries can you deliver to?,which countries can you deliver to?,Shipping Policy,35,6,0,0,1224,1,0,0,development
1421,Do you support international orders?,do you support international orders?,Shipping Policy,36,5,0,0,1225,1,0,0,development
1422,Can I get my purchase delivered internationally?,can i get my purchase delivered internationally?,Shipping Policy,48,7,0,0,1226,1,0,0,development
1423,Are overseas addresses eligible for delivery?,are overseas addresses eligible for delivery?,Shipping Policy,45,6,0,0,1227,1,0,0,development
1424,Can you ship products outside your domestic market?,can you ship products outside your domestic market?,Shipping Policy,51,8,0,0,1228,1,0,0,development
1425,Do you provide cross-border shipping?,do you provide cross-border shipping?,Shipping Policy,37,5,0,0,1229,1,0,0,development
1427,Can customers outside the country receive orders?,can customers outside the country receive orders?,Shipping Policy,49,7,0,0,1231,1,0,0,development
1428,Do you deliver to foreign addresses?,do you deliver to foreign addresses?,Shipping Policy,36,6,0,0,1232,1,0,0,development
1429,My package is taking longer than expected. What should I do?,my package is taking longer than expected. what should i do?,Shipping Policy,60,11,0,0,1233,1,0,0,development
1430,Why hasn't my order arrived yet?,why hasn't my order arrived yet?,Shipping Policy,32,6,0,0,1234,1,0,0,development
1431,My shipment seems to be delayed. Can you help?,my shipment seems to be delayed. can you help?,Shipping Policy,46,9,0,0,1235,1,0,0,development
1432,What should I do if my delivery is late?,what should i do if my delivery is late?,Shipping Policy,40,9,0,0,1236,1,0,0,development
1433,My package has not arrived on time.,my package has not arrived on time.,Shipping Policy,35,7,0,0,1237,1,0,0,development
1434,Why is my order still in transit?,why is my order still in transit?,Shipping Policy,33,7,0,0,1238,1,0,0,development
1436,My parcel is delayed. How can I check its status?,my parcel is delayed. how can i check its status?,Shipping Policy,49,10,0,0,1240,1,0,0,development
1437,What can I do about a late delivery?,what can i do about a late delivery?,Shipping Policy,36,8,0,0,1241,1,0,0,development
1438,My order hasn't reached me yet. Can you check?,my order hasn't reached me yet. can you check?,Shipping Policy,46,9,0,0,1242,1,0,0,development
1439,Why is my shipment taking so long?,why is my shipment taking so long?,Shipping Policy,34,7,0,0,1243,1,0,0,development
1442,Can I find out why my package is delayed?,can i find out why my package is delayed?,Shipping Policy,41,9,0,0,1246,1,0,0,development
1443,My order is taking longer than the expected time.,my order is taking longer than the expected time.,Shipping Policy,49,9,0,0,1247,1,0,0,development
1444,What happens when a shipment is delayed?,what happens when a shipment is delayed?,Shipping Policy,40,7,0,0,1248,1,0,0,development
1445,My parcel has not arrived within the expected timeframe.,my parcel has not arrived within the expected timeframe.,Shipping Policy,56,9,0,0,1249,1,0,0,development
1446,Can you tell me what to do about a delayed order?,can you tell me what to do about a delayed order?,Shipping Policy,49,11,0,0,1250,1,0,0,development
1447,Why hasn't my package reached me yet?,why hasn't my package reached me yet?,Shipping Policy,37,7,0,0,1251,1,0,0,development
1448,My delivery appears to be running late.,my delivery appears to be running late.,Shipping Policy,39,7,0,0,1252,1,0,0,development
1449,Can I change the shipping address after placing an order?,can i change the shipping address after placing an order?,Shipping Policy,57,10,0,0,1253,1,0,0,development
1450,I entered the wrong delivery address. Can it be changed?,i entered the wrong delivery address. can it be changed?,Shipping Policy,56,10,0,0,1254,1,0,0,development
1451,How do I update the address for an order that hasn't shipped?,how do i update the address for an order that hasn't shipped?,Shipping Policy,61,12,0,0,1255,1,0,0,development
1452,Is it possible to change my delivery address after ordering?,is it possible to change my delivery address after ordering?,Shipping Policy,60,10,0,0,1256,1,0,0,development
1453,Can I correct the shipping address on my order?,can i correct the shipping address on my order?,Shipping Policy,47,9,0,0,1257,1,0,0,development
1454,I need to send my package to a different address. What can I do?,i need to send my package to a different address. what can i do?,Shipping Policy,64,14,0,0,1258,1,0,0,development
1455,Can the delivery address be updated after checkout?,can the delivery address be updated after checkout?,Shipping Policy,51,8,0,0,1259,1,0,0,development
1457,I made a mistake in the shipping address. Can it be fixed?,i made a mistake in the shipping address. can it be fixed?,Shipping Policy,58,12,0,0,1261,1,0,0,development
1458,Can I edit the address before my order is shipped?,can i edit the address before my order is shipped?,Shipping Policy,50,10,0,0,1262,1,0,0,development
1459,What should I do if my shipping address is incorrect?,what should i do if my shipping address is incorrect?,Shipping Policy,53,10,0,0,1263,1,0,0,development
1460,Is there a way to update my delivery details?,is there a way to update my delivery details?,Shipping Policy,45,9,0,0,1264,1,0,0,development
1461,Can I change the destination address for my package?,can i change the destination address for my package?,Shipping Policy,52,9,0,0,1265,1,0,0,development
1462,I need to correct my address before shipment.,i need to correct my address before shipment.,Shipping Policy,45,8,0,0,1266,1,0,0,development
1463,Can the shipping address be modified after an order is placed?,can the shipping address be modified after an order is placed?,Shipping Policy,62,11,0,0,1267,1,0,0,development
1465,Can I update my delivery location after placing the order?,can i update my delivery location after placing the order?,Shipping Policy,58,10,0,0,1269,1,0,0,development
1466,What happens if I entered the wrong shipping address?,what happens if i entered the wrong shipping address?,Shipping Policy,53,9,0,0,1270,1,0,0,development
1467,Can the package be redirected to another address?,can the package be redirected to another address?,Shipping Policy,49,8,0,0,1271,1,0,0,development
1469,How long does international delivery take?,how long does international delivery take?,Shipping Policy,42,6,0,0,1273,1,0,0,development
1471,How quickly are international packages delivered?,how quickly are international packages delivered?,Shipping Policy,49,6,0,0,1275,1,0,0,development
1472,What is the expected shipping time for an international order?,what is the expected shipping time for an international order?,Shipping Policy,62,10,0,0,1276,1,0,0,development
1473,Do international shipments have different delivery times?,do international shipments have different delivery times?,Shipping Policy,57,7,0,0,1277,1,0,0,development
1474,How many days does an overseas delivery usually take?,how many days does an overseas delivery usually take?,Shipping Policy,53,9,0,0,1278,1,0,0,development
1475,When should I expect an international package?,when should i expect an international package?,Shipping Policy,46,7,0,0,1279,1,0,0,development
1476,What is the usual transit time for international orders?,what is the usual transit time for international orders?,Shipping Policy,56,9,0,0,1280,1,0,0,development
1477,How long should an international shipment take to arrive?,how long should an international shipment take to arrive?,Shipping Policy,57,9,0,0,1281,1,0,0,development
1478,Can you tell me the expected arrival time for an overseas order?,can you tell me the expected arrival time for an overseas order?,Shipping Policy,64,12,0,0,1282,1,0,0,development
1479,How much time should I allow for international shipping?,how much time should i allow for international shipping?,Shipping Policy,56,9,0,0,1283,1,0,0,development
1480,What are the delivery timelines for international orders?,what are the delivery timelines for international orders?,Shipping Policy,57,8,0,0,1284,1,0,0,development
1481,When will an international shipment normally reach me?,when will an international shipment normally reach me?,Shipping Policy,54,8,0,0,1285,1,0,0,development
1482,Is there an estimated delivery period for overseas purchases?,is there an estimated delivery period for overseas purchases?,Shipping Policy,61,9,0,0,1286,1,0,0,development
1483,How long can international delivery take?,how long can international delivery take?,Shipping Policy,41,6,0,0,1287,1,0,0,development
1484,What should I expect for delivery time when ordering from abroad?,what should i expect for delivery time when ordering from abroad?,Shipping Policy,65,11,0,0,1288,1,0,0,development
1485,When should I expect my package to arrive?,when should i expect my package to arrive?,Shipping Policy,42,8,0,0,1289,1,0,0,development
1486,How long will my order take to get here?,how long will my order take to get here?,Shipping Policy,40,9,0,0,1290,1,0,0,development
1487,What is the usual delivery window?,what is the usual delivery window?,Shipping Policy,34,6,0,0,1291,1,0,0,development
1488,How many days does it take to deliver an order?,how many days does it take to deliver an order?,Shipping Policy,47,10,0,0,1292,1,0,0,development
1489,When is my package expected to arrive?,when is my package expected to arrive?,Shipping Policy,38,7,0,0,1293,1,0,0,development
1490,How long does delivery normally take?,how long does delivery normally take?,Shipping Policy,37,6,0,0,1294,1,0,0,development
1491,What is the estimated arrival time for my order?,what is the estimated arrival time for my order?,Shipping Policy,48,9,0,0,1295,1,0,0,development
1492,How soon should my order reach me?,how soon should my order reach me?,Shipping Policy,34,7,0,0,1296,1,0,0,development
1494,What is the normal transit time for an order?,what is the normal transit time for an order?,Shipping Policy,45,9,0,0,1298,1,0,0,development
1495,How long should shipping take for my purchase?,how long should shipping take for my purchase?,Shipping Policy,46,8,0,0,1299,1,0,0,development
1496,When can I expect my delivery?,when can i expect my delivery?,Shipping Policy,30,6,0,0,1300,1,0,0,development
1497,How many days should I allow for my order to arrive?,how many days should i allow for my order to arrive?,Shipping Policy,52,11,0,0,1301,1,0,0,development
1498,What is the standard delivery timeline?,what is the standard delivery timeline?,Shipping Policy,39,6,0,0,1302,1,0,0,development
1499,Is there an estimated date for my order to arrive?,is there an estimated date for my order to arrive?,Shipping Policy,50,10,0,0,1303,1,0,0,development
1500,What is the expected shipping duration?,what is the expected shipping duration?,Shipping Policy,39,6,0,0,1304,1,0,0,development
1502,When should my shipment reach my address?,when should my shipment reach my address?,Shipping Policy,41,7,0,0,1305,1,0,0,development
1503,What delivery timeframe applies to my order?,what delivery timeframe applies to my order?,Shipping Policy,44,7,0,0,1306,1,0,0,development
1504,Do you have an estimated arrival window?,do you have an estimated arrival window?,Shipping Policy,40,7,0,0,1307,1,0,0,development
1505,How soon can I expect the package?,how soon can i expect the package?,Shipping Policy,34,7,0,0,1308,1,0,0,development
1506,What is the typical delivery period?,what is the typical delivery period?,Shipping Policy,36,6,0,0,1309,1,0,0,development
1507,How long does it usually take for a shipment to arrive?,how long does it usually take for a shipment to arrive?,Shipping Policy,55,11,0,0,1310,1,0,0,development
1508,When will the order likely be delivered?,when will the order likely be delivered?,Shipping Policy,40,7,0,0,1311,1,0,0,development
1509,What should I expect for delivery time?,what should i expect for delivery time?,Shipping Policy,39,7,0,0,1312,1,0,0,development
1510,How long does a normal shipment take?,how long does a normal shipment take?,Shipping Policy,37,7,0,0,1313,1,0,0,development
1511,When is my order likely to reach me?,when is my order likely to reach me?,Shipping Policy,36,8,0,0,1314,1,0,0,development
1512,Can I find out the expected delivery date?,can i find out the expected delivery date?,Shipping Policy,42,8,0,0,1315,1,0,0,development
1513,What is the usual time between shipping and delivery?,what is the usual time between shipping and delivery?,Shipping Policy,53,9,0,0,1316,1,0,0,development
1514,Is there an option for faster shipping?,is there an option for faster shipping?,Shipping Policy,39,7,0,0,1317,1,0,0,development
1515,Can I choose expedited delivery?,can i choose expedited delivery?,Shipping Policy,32,5,0,0,1318,1,0,0,development
1516,Do you have a faster delivery service?,do you have a faster delivery service?,Shipping Policy,38,7,0,0,1319,1,0,0,development
1517,How can I get my order delivered sooner?,how can i get my order delivered sooner?,Shipping Policy,40,8,0,0,1320,1,0,0,development
1518,Can I upgrade to express shipping?,can i upgrade to express shipping?,Shipping Policy,34,6,0,0,1321,1,0,0,development
1519,Is priority delivery available?,is priority delivery available?,Shipping Policy,31,4,0,0,1322,1,0,0,development
1520,Do you offer a quicker shipping method?,do you offer a quicker shipping method?,Shipping Policy,39,7,0,0,1323,1,0,0,development
1522,What is the quickest delivery option?,what is the quickest delivery option?,Shipping Policy,37,6,0,0,1325,1,0,0,development
1523,Can my order be sent by express service?,can my order be sent by express service?,Shipping Policy,40,8,0,0,1326,1,0,0,development
1524,Are there expedited shipping choices?,are there expedited shipping choices?,Shipping Policy,37,5,0,0,1327,1,0,0,development
1526,Can I select a faster delivery option?,can i select a faster delivery option?,Shipping Policy,38,7,0,0,1328,1,0,0,development
1527,Do you provide priority shipping?,do you provide priority shipping?,Shipping Policy,33,5,0,0,1329,1,0,0,development
1528,How do I request expedited delivery?,how do i request expedited delivery?,Shipping Policy,36,6,0,0,1330,1,0,0,development
1529,Can I get my package sooner than standard delivery?,can i get my package sooner than standard delivery?,Shipping Policy,51,9,0,0,1331,1,0,0,development
1530,Is express delivery available for my order?,is express delivery available for my order?,Shipping Policy,43,7,0,0,1332,1,0,0,development
1531,What faster shipping options can I use?,what faster shipping options can i use?,Shipping Policy,39,7,0,0,1333,1,0,0,development
1532,Can I upgrade my shipment to express?,can i upgrade my shipment to express?,Shipping Policy,37,7,0,0,1334,1,0,0,development
1533,How much will shipping cost for my order?,how much will shipping cost for my order?,Shipping Policy,41,8,0,0,1335,1,0,0,development
1534,What are the charges for delivery?,what are the charges for delivery?,Shipping Policy,34,6,0,0,1336,1,0,0,development
1535,Is there a fee for shipping?,is there a fee for shipping?,Shipping Policy,28,6,0,0,1337,1,0,0,development
1536,How much do you charge to ship an order?,how much do you charge to ship an order?,Shipping Policy,40,9,0,0,1338,1,0,0,development
1538,What is the standard shipping fee?,what is the standard shipping fee?,Shipping Policy,34,6,0,0,1339,1,0,0,development
1539,How are delivery charges determined?,how are delivery charges determined?,Shipping Policy,36,5,0,0,1340,1,0,0,development
1540,What will shipping add to the order total?,what will shipping add to the order total?,Shipping Policy,42,8,0,0,1341,1,0,0,development
1541,Are shipping fees separate from the product price?,are shipping fees separate from the product price?,Shipping Policy,50,8,0,0,1342,1,0,0,development
1542,How much should I budget for delivery?,how much should i budget for delivery?,Shipping Policy,38,7,0,0,1343,1,0,0,development
1543,What is the cost of sending my order?,what is the cost of sending my order?,Shipping Policy,37,8,0,0,1344,1,0,0,development
1544,Does shipping have an additional charge?,does shipping have an additional charge?,Shipping Policy,40,6,0,0,1345,1,0,0,development
1545,How much is the delivery fee?,how much is the delivery fee?,Shipping Policy,29,6,0,0,1346,1,0,0,development
1546,Do you charge for standard shipping?,do you charge for standard shipping?,Shipping Policy,36,6,0,0,1347,1,0,0,development
1547,What are the costs associated with shipping?,what are the costs associated with shipping?,Shipping Policy,44,7,0,0,1348,1,0,0,development
1548,Is delivery included in the purchase price?,is delivery included in the purchase price?,Shipping Policy,43,7,0,0,1349,1,0,0,development
1549,Will there be a shipping charge at checkout?,will there be a shipping charge at checkout?,Shipping Policy,44,8,0,0,1350,1,0,0,development
1551,Can you tell me the shipping rate?,can you tell me the shipping rate?,Shipping Policy,34,7,0,0,1351,1,0,0,development
1552,Are there any delivery fees I should know about?,are there any delivery fees i should know about?,Shipping Policy,48,9,0,0,1352,1,0,0,development
1553,Do you offer free shipping?,do you offer free shipping?,Shipping Policy,27,5,0,0,1353,1,0,0,development
1554,Is standard delivery free of charge?,is standard delivery free of charge?,Shipping Policy,36,6,0,0,1354,1,0,0,development
1555,Can I get my order delivered without a shipping fee?,can i get my order delivered without a shipping fee?,Shipping Policy,52,10,0,0,1355,1,0,0,development
1556,Are there conditions for free shipping?,are there conditions for free shipping?,Shipping Policy,39,6,0,0,1356,1,0,0,development
1557,When do orders qualify for free delivery?,when do orders qualify for free delivery?,Shipping Policy,41,7,0,0,1357,1,0,0,development
1558,Do you have a free shipping option?,do you have a free shipping option?,Shipping Policy,35,7,0,0,1358,1,0,0,development
1559,Can I avoid paying the delivery charge?,can i avoid paying the delivery charge?,Shipping Policy,39,7,0,0,1359,1,0,0,development
1560,Is shipping included at no extra cost?,is shipping included at no extra cost?,Shipping Policy,38,7,0,0,1360,1,0,0,development
1561,Are some orders eligible for free shipping?,are some orders eligible for free shipping?,Shipping Policy,43,7,0,0,1361,1,0,0,development
1562,Do you provide complimentary delivery?,do you provide complimentary delivery?,Shipping Policy,38,5,0,0,1362,1,0,0,development
1563,Can customers receive free delivery?,can customers receive free delivery?,Shipping Policy,36,5,0,0,1363,1,0,0,development
1564,Does the company ever waive shipping fees?,does the company ever waive shipping fees?,Shipping Policy,42,7,0,0,1364,1,0,0,development
1565,Is there free standard shipping?,is there free standard shipping?,Shipping Policy,32,5,0,0,1365,1,0,0,development
1566,Can my order be shipped without an additional fee?,can my order be shipped without an additional fee?,Shipping Policy,50,9,0,0,1366,1,0,0,development
1567,Do certain purchases come with free delivery?,do certain purchases come with free delivery?,Shipping Policy,45,7,0,0,1367,1,0,0,development
1568,How can I find out if my order qualifies for free shipping?,how can i find out if my order qualifies for free shipping?,Shipping Policy,59,12,0,0,1368,1,0,0,development
1569,Are there any free delivery options?,are there any free delivery options?,Shipping Policy,36,6,0,0,1369,1,0,0,development
1570,Is there a way to get shipping at no cost?,is there a way to get shipping at no cost?,Shipping Policy,42,10,0,0,1370,1,0,0,development
1571,Can I track the package after it ships?,can i track the package after it ships?,Shipping Policy,39,8,0,0,1371,1,0,0,development
1572,Where can I check the status of my shipment?,where can i check the status of my shipment?,Shipping Policy,44,9,0,0,1372,1,0,0,development
1573,How do I follow my order once it has been dispatched?,how do i follow my order once it has been dispatched?,Shipping Policy,53,11,0,0,1373,1,0,0,development
1574,Can I see where my package is?,can i see where my package is?,Shipping Policy,30,7,0,0,1374,1,0,0,development
1575,Is there an online tracking option?,is there an online tracking option?,Shipping Policy,35,6,0,0,1375,1,0,0,development
1576,How can I monitor my delivery?,how can i monitor my delivery?,Shipping Policy,30,6,0,0,1376,1,0,0,development
1577,Where do I find shipment updates?,where do i find shipment updates?,Shipping Policy,33,6,0,0,1377,1,0,0,development
1578,Can I check my order's current location?,can i check my order's current location?,Shipping Policy,40,7,0,0,1378,1,0,0,development
1579,How do I track a package I ordered?,how do i track a package i ordered?,Shipping Policy,35,8,0,0,1379,1,0,0,development
1580,Can I see the progress of my delivery?,can i see the progress of my delivery?,Shipping Policy,38,8,0,0,1380,1,0,0,development
1581,Where can I view my shipping status?,where can i view my shipping status?,Shipping Policy,36,7,0,0,1381,1,0,0,development
1582,Is there a way to follow my parcel?,is there a way to follow my parcel?,Shipping Policy,35,8,0,0,1382,1,0,0,development
1584,Can I monitor my shipment online?,can i monitor my shipment online?,Shipping Policy,33,6,0,0,1383,1,0,0,development
1585,How do I find the latest update on my delivery?,how do i find the latest update on my delivery?,Shipping Policy,47,10,0,0,1384,1,0,0,development
1586,Can I see the status of a dispatched order?,can i see the status of a dispatched order?,Shipping Policy,43,9,0,0,1385,1,0,0,development
1587,Where can I look up my package status?,where can i look up my package status?,Shipping Policy,38,8,0,0,1386,1,0,0,development
1588,How can I follow the delivery of my purchase?,how can i follow the delivery of my purchase?,Shipping Policy,45,9,0,0,1387,1,0,0,development
1589,Can I check my shipment progress?,can i check my shipment progress?,Shipping Policy,33,6,0,0,1388,1,0,0,development
1590,Is order tracking available after dispatch?,is order tracking available after dispatch?,Shipping Policy,43,6,0,0,1389,1,0,0,development
1592,Where can I find my shipment tracking number?,where can i find my shipment tracking number?,Shipping Policy,45,8,0,0,1390,1,0,0,development
1593,How do I get the tracking ID?,how do i get the tracking id?,Shipping Policy,29,7,0,0,1391,1,0,0,development
1594,When will the tracking number be available?,when will the tracking number be available?,Shipping Policy,43,7,0,0,1392,1,0,0,development
1595,Is a tracking code provided for deliveries?,is a tracking code provided for deliveries?,Shipping Policy,43,7,0,0,1393,1,0,0,development
1596,How can I find the tracking details for my package?,how can i find the tracking details for my package?,Shipping Policy,51,10,0,0,1394,1,0,0,development
1597,Does every shipment have a tracking number?,does every shipment have a tracking number?,Shipping Policy,43,7,0,0,1395,1,0,0,development
1598,Where should I look for my tracking information?,where should i look for my tracking information?,Shipping Policy,48,8,0,0,1396,1,0,0,development
1599,Will the tracking ID be sent to me?,will the tracking id be sent to me?,Shipping Policy,35,8,0,0,1397,1,0,0,development
1600,How do I get the number needed to track my order?,how do i get the number needed to track my order?,Shipping Policy,49,11,0,0,1398,1,0,0,development
1601,Can you provide the tracking details for my shipment?,can you provide the tracking details for my shipment?,Shipping Policy,53,9,0,0,1399,1,0,0,development
1602,Is there a tracking code for my parcel?,is there a tracking code for my parcel?,Shipping Policy,39,8,0,0,1400,1,0,0,development
1603,When should I receive the tracking information?,when should i receive the tracking information?,Shipping Policy,47,7,0,0,1401,1,0,0,development
1604,How can I locate the tracking ID for my order?,how can i locate the tracking id for my order?,Shipping Policy,46,10,0,0,1402,1,0,0,development
1605,Can I track my order if I don't have the tracking number?,can i track my order if i don't have the tracking number?,Shipping Policy,57,12,0,0,1403,1,0,0,development
1606,How do I obtain shipment tracking information?,how do i obtain shipment tracking information?,Shipping Policy,46,7,0,0,1404,1,0,0,development
1607,Will I get a tracking number once the package is shipped?,will i get a tracking number once the package is shipped?,Shipping Policy,57,11,0,0,1405,1,0,0,development
1608,Can you tell me where to find my tracking ID?,can you tell me where to find my tracking id?,Shipping Policy,45,10,0,0,1406,1,0,0,development
1609,Do international orders have tracking information?,do international orders have tracking information?,Shipping Policy,50,6,0,0,1407,1,0,0,development
1610,Do you ship to international destinations?,do you ship to international destinations?,Shipping Policy,42,6,0,0,1408,1,0,0,development
1611,Can I have an order delivered to another country?,can i have an order delivered to another country?,Shipping Policy,49,9,0,0,1409,1,0,0,development
1612,Is overseas delivery available?,is overseas delivery available?,Shipping Policy,31,4,0,0,1410,1,0,0,development
1613,Do you offer international shipping?,do you offer international shipping?,Shipping Policy,36,5,0,0,1411,1,0,0,development
1614,Can I order from outside the country?,can i order from outside the country?,Shipping Policy,37,7,0,0,1412,1,0,0,development
1615,Will you deliver products internationally?,will you deliver products internationally?,Shipping Policy,42,5,0,0,1413,1,0,0,development
1616,Are foreign addresses supported for delivery?,are foreign addresses supported for delivery?,Shipping Policy,45,6,0,0,1414,1,0,0,development
1617,Can my purchase be shipped abroad?,can my purchase be shipped abroad?,Shipping Policy,34,6,0,0,1415,1,0,0,development
1618,Do you send orders outside the country?,do you send orders outside the country?,Shipping Policy,39,7,0,0,1416,1,0,0,development
1619,Which countries do you ship to?,which countries do you ship to?,Shipping Policy,31,6,0,0,1417,1,0,0,development
1620,Is cross-border delivery available?,is cross-border delivery available?,Shipping Policy,35,4,0,0,1418,1,0,0,development
1621,Can customers overseas place orders?,can customers overseas place orders?,Shipping Policy,36,5,0,0,1419,1,0,0,development
1622,Do you deliver to international addresses?,do you deliver to international addresses?,Shipping Policy,42,6,0,0,1420,1,0,0,development
1623,Can I get my order shipped to another country?,can i get my order shipped to another country?,Shipping Policy,46,9,0,0,1421,1,0,0,development
1624,Are international destinations included in your shipping service?,are international destinations included in your shipping service?,Shipping Policy,65,8,0,0,1422,1,0,0,development
1625,Do you support overseas orders?,do you support overseas orders?,Shipping Policy,31,5,0,0,1423,1,0,0,development
1626,Can an order be delivered outside the domestic area?,can an order be delivered outside the domestic area?,Shipping Policy,52,9,0,0,1424,1,0,0,development
1627,Is international delivery offered to customers?,is international delivery offered to customers?,Shipping Policy,47,6,0,0,1425,1,0,0,development
1628,Do you ship packages abroad?,do you ship packages abroad?,Shipping Policy,28,5,0,0,1426,1,0,0,development
1630,Why hasn't my package arrived yet?,why hasn't my package arrived yet?,Shipping Policy,34,6,0,0,1428,1,0,0,development
1631,The delivery is taking longer than expected.,the delivery is taking longer than expected.,Shipping Policy,44,7,0,0,1429,1,0,0,development
1635,What can I do about a delayed shipment?,what can i do about a delayed shipment?,Shipping Policy,39,8,0,0,1431,1,0,0,development
1636,My parcel hasn't arrived within the estimated time.,my parcel hasn't arrived within the estimated time.,Shipping Policy,51,8,0,0,1432,1,0,0,development
1637,Can you explain why my delivery is late?,can you explain why my delivery is late?,Shipping Policy,40,8,0,0,1433,1,0,0,development
1638,My order is overdue. How can I check it?,my order is overdue. how can i check it?,Shipping Policy,40,9,0,0,1434,1,0,0,development
1639,Why is my package taking so long?,why is my package taking so long?,Shipping Policy,33,7,0,0,1435,1,0,0,development
1640,The delivery date has passed and I still don't have my order.,the delivery date has passed and i still don't have my order.,Shipping Policy,61,12,0,0,1436,1,0,0,development
1641,How do I check a delayed shipment?,how do i check a delayed shipment?,Shipping Policy,34,7,0,0,1437,1,0,0,development
1643,What happens if the delivery is delayed?,what happens if the delivery is delayed?,Shipping Policy,40,7,0,0,1439,1,0,0,development
1644,Can I get an update on my late order?,can i get an update on my late order?,Shipping Policy,37,9,0,0,1440,1,0,0,development
1645,My shipment seems to be stuck in transit.,my shipment seems to be stuck in transit.,Shipping Policy,41,8,0,0,1441,1,0,0,development
1646,Why hasn't my delivery reached me?,why hasn't my delivery reached me?,Shipping Policy,34,6,0,0,1442,1,0,0,development
1647,What should I do if my parcel is late?,what should i do if my parcel is late?,Shipping Policy,38,9,0,0,1443,1,0,0,development
1648,Can I change my delivery address after ordering?,can i change my delivery address after ordering?,Shipping Policy,48,8,0,0,1444,1,0,0,development
1649,I entered the wrong address for my order. Can it be changed?,i entered the wrong address for my order. can it be changed?,Shipping Policy,60,12,0,0,1445,1,0,0,development
1650,How do I correct the shipping address?,how do i correct the shipping address?,Shipping Policy,38,7,0,0,1446,1,0,0,development
1651,I need my package sent to a different address.,i need my package sent to a different address.,Shipping Policy,46,9,0,0,1447,1,0,0,development
1652,Is it possible to edit the address before shipment?,is it possible to edit the address before shipment?,Shipping Policy,51,9,0,0,1448,1,0,0,development
1654,What if I made a mistake in my delivery address?,what if i made a mistake in my delivery address?,Shipping Policy,48,10,0,0,1449,1,0,0,development
1655,How can I update my shipping details?,how can i update my shipping details?,Shipping Policy,37,7,0,0,1450,1,0,0,development
1656,Can the address be changed after an order is placed?,can the address be changed after an order is placed?,Shipping Policy,52,10,0,0,1451,1,0,0,development
1657,I need to correct the address before my package ships.,i need to correct the address before my package ships.,Shipping Policy,54,10,0,0,1452,1,0,0,development
1658,Can I modify the destination for my order?,can i modify the destination for my order?,Shipping Policy,42,8,0,0,1453,1,0,0,development
1660,Is there a way to redirect the shipment to another address?,is there a way to redirect the shipment to another address?,Shipping Policy,59,11,0,0,1454,1,0,0,development
1661,Can I update the delivery location after checkout?,can i update the delivery location after checkout?,Shipping Policy,50,8,0,0,1455,1,0,0,development
1662,Can I fix my address before dispatch?,can i fix my address before dispatch?,Shipping Policy,37,7,0,0,1456,1,0,0,development
1663,Can the shipping address be edited after payment?,can the shipping address be edited after payment?,Shipping Policy,49,8,0,0,1457,1,0,0,development
1664,How do I change the address attached to my order?,how do i change the address attached to my order?,Shipping Policy,49,10,0,0,1458,1,0,0,development
1665,Is an address correction possible before shipping?,is an address correction possible before shipping?,Shipping Policy,50,7,0,0,1459,1,0,0,development
1666,How long does international shipping usually take?,how long does international shipping usually take?,Shipping Policy,50,7,0,0,1460,1,0,0,development
1669,I want to cancel my purchase. What should I do?,i want to cancel my purchase. what should i do?,Cancellation Policy,47,10,0,0,1462,1,0,0,development
1670,Is it possible to cancel my order?,is it possible to cancel my order?,Cancellation Policy,34,7,0,0,1463,1,0,0,development
1672,Can I cancel an order before it ships?,can i cancel an order before it ships?,Cancellation Policy,38,8,0,0,1465,1,0,0,development
1673,I changed my mind. Can I cancel the order?,i changed my mind. can i cancel the order?,Cancellation Policy,42,9,0,0,1466,1,0,0,development
1674,Where can I request an order cancellation?,where can i request an order cancellation?,Cancellation Policy,42,7,0,0,1467,1,0,0,development
1675,What is the process for cancelling an order?,what is the process for cancelling an order?,Cancellation Policy,44,8,0,0,1468,1,0,0,development
1676,I'd like to cancel something I ordered.,i'd like to cancel something i ordered.,Cancellation Policy,39,7,0,0,1469,1,0,0,development
1677,Can an order be cancelled after placing it?,can an order be cancelled after placing it?,Cancellation Policy,43,8,0,0,1470,1,0,0,development
1678,How do I withdraw an order?,how do i withdraw an order?,Cancellation Policy,27,6,0,0,1471,1,0,0,development
1679,Can I stop an order that hasn't shipped yet?,can i stop an order that hasn't shipped yet?,Cancellation Policy,44,9,0,0,1472,1,0,0,development
1681,What are the steps to cancel my order?,what are the steps to cancel my order?,Cancellation Policy,38,8,0,0,1473,1,0,0,development
1682,Can I cancel my purchase before dispatch?,can i cancel my purchase before dispatch?,Cancellation Policy,41,7,0,0,1474,1,0,0,development
1683,How do I request cancellation of an order?,how do i request cancellation of an order?,Cancellation Policy,42,8,0,0,1475,1,0,0,development
1684,Is there a way to stop my order before it is shipped?,is there a way to stop my order before it is shipped?,Cancellation Policy,53,12,0,0,1476,1,0,0,development
1685,I need to cancel an order I placed earlier.,i need to cancel an order i placed earlier.,Cancellation Policy,43,9,0,0,1477,1,0,0,development
1686,Can my order be cancelled before shipment?,can my order be cancelled before shipment?,Cancellation Policy,42,7,0,0,1478,1,0,0,development
1687,What should I do if I want to cancel my order?,what should i do if i want to cancel my order?,Cancellation Policy,46,11,0,0,1479,1,0,0,development
1688,How can I stop an order from going out?,how can i stop an order from going out?,Cancellation Policy,39,9,0,0,1480,1,0,0,development
1689,I'd like to cancel my order as soon as possible.,i'd like to cancel my order as soon as possible.,Cancellation Policy,48,10,0,0,1481,1,0,0,development
1690,Can I cancel an order that is still being processed?,can i cancel an order that is still being processed?,Cancellation Policy,52,10,0,0,1482,1,0,0,development
1691,How do I cancel a purchase request?,how do i cancel a purchase request?,Cancellation Policy,35,7,0,0,1483,1,0,0,development
1692,Is order cancellation available after checkout?,is order cancellation available after checkout?,Cancellation Policy,47,6,0,0,1484,1,0,0,development
1694,I want to reverse my order before it ships.,i want to reverse my order before it ships.,Cancellation Policy,43,9,0,0,1486,1,0,0,development
1695,Where do I go to cancel an order?,where do i go to cancel an order?,Cancellation Policy,33,8,0,0,1487,1,0,0,development
1696,Can I cancel after making the payment?,can i cancel after making the payment?,Cancellation Policy,38,7,0,0,1488,1,0,0,development
1697,I have already paid. Can I still cancel the order?,i have already paid. can i still cancel the order?,Cancellation Policy,50,10,0,0,1489,1,0,0,development
1698,Is cancellation possible after payment?,is cancellation possible after payment?,Cancellation Policy,39,5,0,0,1490,1,0,0,development
1699,Can I stop the order even though I have paid?,can i stop the order even though i have paid?,Cancellation Policy,45,10,0,0,1491,1,0,0,development
1700,I paid for the order but now want to cancel it.,i paid for the order but now want to cancel it.,Cancellation Policy,47,11,0,0,1492,1,0,0,development
1701,What happens if I cancel after paying?,what happens if i cancel after paying?,Cancellation Policy,38,7,0,0,1493,1,0,0,development
1702,Can an order be cancelled once payment is complete?,can an order be cancelled once payment is complete?,Cancellation Policy,51,9,0,0,1494,1,0,0,development
1703,I made the payment by mistake. Can I cancel the order?,i made the payment by mistake. can i cancel the order?,Cancellation Policy,54,11,0,0,1495,1,0,0,development
1704,How do I cancel an order that has already been paid for?,how do i cancel an order that has already been paid for?,Cancellation Policy,56,12,0,0,1496,1,0,0,development
1705,Can I request cancellation after checkout and payment?,can i request cancellation after checkout and payment?,Cancellation Policy,54,8,0,0,1497,1,0,0,development
1707,Is there a way to cancel a paid order?,is there a way to cancel a paid order?,Cancellation Policy,38,9,0,0,1499,1,0,0,development
1708,Can I withdraw an order after the payment went through?,can i withdraw an order after the payment went through?,Cancellation Policy,55,10,0,0,1500,1,0,0,development
1709,What are my options if I want to cancel after payment?,what are my options if i want to cancel after payment?,Cancellation Policy,54,11,0,0,1501,1,0,0,development
1710,Can I stop processing of an order after I've paid?,can i stop processing of an order after i've paid?,Cancellation Policy,50,10,0,0,1502,1,0,0,development
1712,Does paying for an order prevent cancellation?,does paying for an order prevent cancellation?,Cancellation Policy,46,7,0,0,1504,1,0,0,development
1713,Can I cancel a purchase after the charge has gone through?,can i cancel a purchase after the charge has gone through?,Cancellation Policy,58,11,0,0,1505,1,0,0,development
1714,"I placed the order and paid, but I want to cancel it.","i placed the order and paid, but i want to cancel it.",Cancellation Policy,53,12,0,0,1506,1,0,0,development
1715,Can a paid order still be cancelled?,can a paid order still be cancelled?,Cancellation Policy,36,7,0,0,1507,1,0,0,development
1716,Can I cancel before the package is shipped?,can i cancel before the package is shipped?,Cancellation Policy,43,8,0,0,1508,1,0,0,development
1717,Is cancellation allowed while my order hasn't shipped?,is cancellation allowed while my order hasn't shipped?,Cancellation Policy,54,8,0,0,1509,1,0,0,development
1719,My order hasn't shipped yet. Can I cancel it?,my order hasn't shipped yet. can i cancel it?,Cancellation Policy,45,9,0,0,1511,1,0,0,development
1720,How do I cancel an order before dispatch?,how do i cancel an order before dispatch?,Cancellation Policy,41,8,0,0,1512,1,0,0,development
1721,Can I withdraw an order while it is still awaiting shipment?,can i withdraw an order while it is still awaiting shipment?,Cancellation Policy,60,11,0,0,1513,1,0,0,development
1722,Is it possible to stop my order before shipping?,is it possible to stop my order before shipping?,Cancellation Policy,48,9,0,0,1514,1,0,0,development
1723,I want to cancel before the package goes out.,i want to cancel before the package goes out.,Cancellation Policy,45,9,0,0,1515,1,0,0,development
1724,Can I cancel an unshipped order?,can i cancel an unshipped order?,Cancellation Policy,32,6,0,0,1516,1,0,0,development
1725,What is the cancellation process before shipment?,what is the cancellation process before shipment?,Cancellation Policy,49,7,0,0,1517,1,0,0,development
1726,Can I stop an order that is waiting to be shipped?,can i stop an order that is waiting to be shipped?,Cancellation Policy,50,11,0,0,1518,1,0,0,development
1728,Can I cancel while the order is still processing?,can i cancel while the order is still processing?,Cancellation Policy,49,9,0,0,1520,1,0,0,development
1729,Is there a deadline for cancelling before shipment?,is there a deadline for cancelling before shipment?,Cancellation Policy,51,8,0,0,1521,1,0,0,development
1730,I need to stop my order before it is dispatched.,i need to stop my order before it is dispatched.,Cancellation Policy,48,10,0,0,1522,1,0,0,development
1731,Can I cancel an order that hasn't left yet?,can i cancel an order that hasn't left yet?,Cancellation Policy,43,9,0,0,1523,1,0,0,development
1732,What happens if I cancel before the order ships?,what happens if i cancel before the order ships?,Cancellation Policy,48,9,0,0,1524,1,0,0,development
1733,Can I withdraw my order while it is being prepared?,can i withdraw my order while it is being prepared?,Cancellation Policy,51,10,0,0,1525,1,0,0,development
1734,Is cancellation possible before dispatch?,is cancellation possible before dispatch?,Cancellation Policy,41,5,0,0,1526,1,0,0,development
1735,Can I cancel after the order has been dispatched?,can i cancel after the order has been dispatched?,Cancellation Policy,49,9,0,0,1527,1,0,0,development
1736,My order has already shipped. Can I cancel it?,my order has already shipped. can i cancel it?,Cancellation Policy,46,9,0,0,1528,1,0,0,development
1737,Is it possible to stop an order after dispatch?,is it possible to stop an order after dispatch?,Cancellation Policy,47,9,0,0,1529,1,0,0,development
1738,Can I withdraw an order once it has been shipped?,can i withdraw an order once it has been shipped?,Cancellation Policy,49,10,0,0,1530,1,0,0,development
1739,What happens if I want to cancel after shipping?,what happens if i want to cancel after shipping?,Cancellation Policy,48,9,0,0,1531,1,0,0,development
1740,Can a dispatched order still be cancelled?,can a dispatched order still be cancelled?,Cancellation Policy,42,7,0,0,1532,1,0,0,development
1741,I missed the chance to cancel before shipment. What can I do?,i missed the chance to cancel before shipment. what can i do?,Cancellation Policy,61,12,0,0,1533,1,0,0,development
1742,Can I stop the order after it leaves the warehouse?,can i stop the order after it leaves the warehouse?,Cancellation Policy,51,10,0,0,1534,1,0,0,development
1743,Is cancellation allowed once the package is on its way?,is cancellation allowed once the package is on its way?,Cancellation Policy,55,10,0,0,1535,1,0,0,development
1744,How do I cancel an order that has already been dispatched?,how do i cancel an order that has already been dispatched?,Cancellation Policy,58,11,0,0,1536,1,0,0,development
1745,Can I request cancellation after the shipment has started?,can i request cancellation after the shipment has started?,Cancellation Policy,58,9,0,0,1537,1,0,0,development
1746,I want to stop a package that has already been sent.,i want to stop a package that has already been sent.,Cancellation Policy,52,11,0,0,1538,1,0,0,development
1747,Can a shipped order be withdrawn?,can a shipped order be withdrawn?,Cancellation Policy,33,6,0,0,1539,1,0,0,development
1748,What are the cancellation options after dispatch?,what are the cancellation options after dispatch?,Cancellation Policy,49,7,0,0,1540,1,0,0,development
1749,Can I cancel my order once it is in transit?,can i cancel my order once it is in transit?,Cancellation Policy,44,10,0,0,1541,1,0,0,development
1750,Is there anything I can do if the order has already shipped?,is there anything i can do if the order has already shipped?,Cancellation Policy,60,12,0,0,1542,1,0,0,development
1751,Can I cancel just one item from my order?,can i cancel just one item from my order?,Cancellation Policy,41,9,0,0,1543,1,0,0,development
1752,I want to cancel one product but keep the rest.,i want to cancel one product but keep the rest.,Cancellation Policy,47,10,0,0,1544,1,0,0,development
1753,Is it possible to cancel part of an order?,is it possible to cancel part of an order?,Cancellation Policy,42,9,0,0,1545,1,0,0,development
1754,Can I remove one item from an order after placing it?,can i remove one item from an order after placing it?,Cancellation Policy,53,11,0,0,1546,1,0,0,development
1755,How do I cancel a single item from my purchase?,how do i cancel a single item from my purchase?,Cancellation Policy,47,10,0,0,1547,1,0,0,development
1756,I ordered several products but only want to cancel one.,i ordered several products but only want to cancel one.,Cancellation Policy,55,10,0,0,1548,1,0,0,development
1757,Can one item be cancelled without cancelling the whole order?,can one item be cancelled without cancelling the whole order?,Cancellation Policy,61,10,0,0,1549,1,0,0,development
1758,Can I stop one product from my order being processed?,can i stop one product from my order being processed?,Cancellation Policy,53,10,0,0,1550,1,0,0,development
1759,Is partial order cancellation allowed?,is partial order cancellation allowed?,Cancellation Policy,38,5,0,0,1551,1,0,0,development
1760,I need to cancel only one item from a multi-item order.,i need to cancel only one item from a multi-item order.,Cancellation Policy,55,11,0,0,1552,1,0,0,development
1761,Can I cancel an item and keep the other products?,can i cancel an item and keep the other products?,Cancellation Policy,49,10,0,0,1553,1,0,0,development
1762,What happens if I cancel only part of my order?,what happens if i cancel only part of my order?,Cancellation Policy,47,10,0,0,1554,1,0,0,development
1763,Can I withdraw one product from a larger order?,can i withdraw one product from a larger order?,Cancellation Policy,47,9,0,0,1555,1,0,0,development
1764,How do I cancel one item while keeping the rest?,how do i cancel one item while keeping the rest?,Cancellation Policy,48,10,0,0,1556,1,0,0,development
1765,Can a single item be cancelled separately?,can a single item be cancelled separately?,Cancellation Policy,42,7,0,0,1557,1,0,0,development
1766,I want to remove one product from my order.,i want to remove one product from my order.,Cancellation Policy,43,9,0,0,1558,1,0,0,development
1768,Is it possible to stop only one item from shipping?,is it possible to stop only one item from shipping?,Cancellation Policy,51,10,0,0,1560,1,0,0,development
1769,Can I cancel a product without cancelling the complete order?,can i cancel a product without cancelling the complete order?,Cancellation Policy,61,10,0,0,1561,1,0,0,development
1770,What happens when I cancel my order?,what happens when i cancel my order?,Cancellation Policy,36,7,0,0,1562,1,0,0,development
1771,Will I receive a refund if I cancel my order?,will i receive a refund if i cancel my order?,Cancellation Policy,45,10,0,0,1563,1,0,0,development
1772,"If I cancel the order, what happens next?","if i cancel the order, what happens next?",Cancellation Policy,41,8,0,0,1564,1,0,0,development
1773,What happens to my payment when I cancel?,what happens to my payment when i cancel?,Cancellation Policy,41,8,0,0,1565,1,0,0,development
1774,Will cancelling the order return my payment?,will cancelling the order return my payment?,Cancellation Policy,44,7,0,0,1566,1,0,0,development
1775,"If I cancel before shipment, what happens to the order?","if i cancel before shipment, what happens to the order?",Cancellation Policy,55,10,0,0,1567,1,0,0,development
1776,Does cancelling an order result in a refund?,does cancelling an order result in a refund?,Cancellation Policy,44,8,0,0,1568,1,0,0,development
1777,What happens after I submit a cancellation request?,what happens after i submit a cancellation request?,Cancellation Policy,51,8,0,0,1569,1,0,0,development
1780,"If my cancellation is accepted, what happens next?","if my cancellation is accepted, what happens next?",Cancellation Policy,50,8,0,0,1572,1,0,0,development
1781,Does cancellation automatically return the payment?,does cancellation automatically return the payment?,Cancellation Policy,51,6,0,0,1573,1,0,0,development
1782,What happens after I withdraw my order?,what happens after i withdraw my order?,Cancellation Policy,39,7,0,0,1574,1,0,0,development
1783,Will I be refunded when an order is cancelled?,will i be refunded when an order is cancelled?,Cancellation Policy,46,9,0,0,1575,1,0,0,development
1784,Can I cancel and receive the amount I paid back?,can i cancel and receive the amount i paid back?,Cancellation Policy,48,10,0,0,1576,1,0,0,development
1785,What happens to the order once cancellation is confirmed?,what happens to the order once cancellation is confirmed?,Cancellation Policy,57,9,0,0,1577,1,0,0,development
1786,"If I stop the order, will my payment be returned?","if i stop the order, will my payment be returned?",Cancellation Policy,49,10,0,0,1578,1,0,0,development
1789,Will cancelling my purchase reverse the payment?,will cancelling my purchase reverse the payment?,Cancellation Policy,48,7,0,0,1581,1,0,0,development
1791,I ordered the wrong item. Can I cancel the order?,i ordered the wrong item. can i cancel the order?,Cancellation Policy,49,10,0,0,1583,1,0,0,development
1792,I don't need this purchase anymore. Can I stop it?,i don't need this purchase anymore. can i stop it?,Cancellation Policy,50,10,0,0,1584,1,0,0,development
1793,I placed the order by mistake. Can it be cancelled?,i placed the order by mistake. can it be cancelled?,Cancellation Policy,51,10,0,0,1585,1,0,0,development
1795,I selected the wrong product. Can I cancel the order?,i selected the wrong product. can i cancel the order?,Cancellation Policy,53,10,0,0,1587,1,0,0,development
1796,I changed my mind about the purchase. Can I cancel?,i changed my mind about the purchase. can i cancel?,Cancellation Policy,51,10,0,0,1588,1,0,0,development
1797,I accidentally placed an order. Can I withdraw it?,i accidentally placed an order. can i withdraw it?,Cancellation Policy,50,9,0,0,1589,1,0,0,development
1798,I don't want this order anymore. Is cancellation possible?,i don't want this order anymore. is cancellation possible?,Cancellation Policy,58,9,0,0,1590,1,0,0,development
1799,I made the order unintentionally. How can I stop it?,i made the order unintentionally. how can i stop it?,Cancellation Policy,52,10,0,0,1591,1,0,0,development
1800,I ordered the wrong thing. What can I do to cancel it?,i ordered the wrong thing. what can i do to cancel it?,Cancellation Policy,54,12,0,0,1592,1,0,0,development
1802,I no longer need the item I ordered. Can I cancel?,i no longer need the item i ordered. can i cancel?,Cancellation Policy,50,11,0,0,1594,1,0,0,development
1803,I want to stop an order because I chose the wrong product.,i want to stop an order because i chose the wrong product.,Cancellation Policy,58,12,0,0,1595,1,0,0,development
1804,Can I withdraw a purchase I made by mistake?,can i withdraw a purchase i made by mistake?,Cancellation Policy,44,9,0,0,1596,1,0,0,development
1805,I changed my mind after ordering. Can I cancel?,i changed my mind after ordering. can i cancel?,Cancellation Policy,47,9,0,0,1597,1,0,0,development
1806,What can I do if I ordered something I don't need?,what can i do if i ordered something i don't need?,Cancellation Policy,50,11,0,0,1598,1,0,0,development
1807,Can I cancel because I no longer want the product?,can i cancel because i no longer want the product?,Cancellation Policy,50,10,0,0,1599,1,0,0,development
1808,I need to undo an order I placed.,i need to undo an order i placed.,Cancellation Policy,33,8,0,0,1600,1,0,0,development
1809,Can I reverse an order I made accidentally?,can i reverse an order i made accidentally?,Cancellation Policy,43,8,0,0,1601,1,0,0,development
1810,How do I stop a purchase I no longer want?,how do i stop a purchase i no longer want?,Cancellation Policy,42,10,0,0,1602,1,0,0,development
1811,Will I be charged for cancelling my order?,will i be charged for cancelling my order?,Cancellation Policy,42,8,0,0,1603,1,0,0,development
1812,Does cancelling an order cost anything?,does cancelling an order cost anything?,Cancellation Policy,39,6,0,0,1604,1,0,0,development
1813,Are there any fees for order cancellation?,are there any fees for order cancellation?,Cancellation Policy,42,7,0,0,1605,1,0,0,development
1814,Do I have to pay a cancellation charge?,do i have to pay a cancellation charge?,Cancellation Policy,39,8,0,0,1606,1,0,0,development
1816,Will cancelling my purchase result in an extra fee?,will cancelling my purchase result in an extra fee?,Cancellation Policy,51,9,0,0,1608,1,0,0,development
1817,Does the cancellation process have a fee?,does the cancellation process have a fee?,Cancellation Policy,41,7,0,0,1609,1,0,0,development
1818,Can I cancel without paying a cancellation charge?,can i cancel without paying a cancellation charge?,Cancellation Policy,50,8,0,0,1610,1,0,0,development
1819,Are cancellation charges applied to orders?,are cancellation charges applied to orders?,Cancellation Policy,43,6,0,0,1611,1,0,0,development
1820,What is the fee for cancelling an order?,what is the fee for cancelling an order?,Cancellation Policy,40,8,0,0,1612,1,0,0,development
1822,Is there a cost associated with cancelling a purchase?,is there a cost associated with cancelling a purchase?,Cancellation Policy,54,9,0,0,1614,1,0,0,development
1824,Can I cancel an order without a penalty?,can i cancel an order without a penalty?,Cancellation Policy,40,8,0,0,1616,1,0,0,development
1825,Is there any cancellation penalty?,is there any cancellation penalty?,Cancellation Policy,34,5,0,0,1617,1,0,0,development
1826,What happens if there is a cancellation fee?,what happens if there is a cancellation fee?,Cancellation Policy,44,8,0,0,1618,1,0,0,development
1827,Are paid orders subject to a cancellation charge?,are paid orders subject to a cancellation charge?,Cancellation Policy,49,8,0,0,1619,1,0,0,development
1828,Will I be charged if I withdraw my purchase?,will i be charged if i withdraw my purchase?,Cancellation Policy,44,9,0,0,1620,1,0,0,development
1829,Does cancelling before shipment have a fee?,does cancelling before shipment have a fee?,Cancellation Policy,43,7,0,0,1621,1,0,0,development
1831,Can I halt the processing of my order?,can i halt the processing of my order?,Cancellation Policy,38,8,0,0,1622,1,0,0,development
1832,Is there a way to prevent my order from being processed?,is there a way to prevent my order from being processed?,Cancellation Policy,56,11,0,0,1623,1,0,0,development
1833,I want to stop my order before it moves forward.,i want to stop my order before it moves forward.,Cancellation Policy,48,10,0,0,1624,1,0,0,development
1834,Can I put a stop to an order I just placed?,can i put a stop to an order i just placed?,Cancellation Policy,43,11,0,0,1625,1,0,0,development
1836,Can I withdraw an order that is currently processing?,can i withdraw an order that is currently processing?,Cancellation Policy,53,9,0,0,1627,1,0,0,development
1837,I need to stop an order from moving to shipment.,i need to stop an order from moving to shipment.,Cancellation Policy,48,10,0,0,1628,1,0,0,development
1838,Can the processing of my purchase be cancelled?,can the processing of my purchase be cancelled?,Cancellation Policy,47,8,0,0,1629,1,0,0,development
1839,What should I do to stop my order from going out?,what should i do to stop my order from going out?,Cancellation Policy,49,11,0,0,1630,1,0,0,development
1840,Can I prevent my purchase from being dispatched?,can i prevent my purchase from being dispatched?,Cancellation Policy,48,8,0,0,1631,1,0,0,development
1841,How do I halt an order that is still in progress?,how do i halt an order that is still in progress?,Cancellation Policy,49,11,0,0,1632,1,0,0,development
1842,Is it possible to stop the order before fulfillment?,is it possible to stop the order before fulfillment?,Cancellation Policy,52,9,0,0,1633,1,0,0,development
1843,Can I request that my order not be processed?,can i request that my order not be processed?,Cancellation Policy,45,9,0,0,1634,1,0,0,development
1844,I want to prevent this purchase from being shipped.,i want to prevent this purchase from being shipped.,Cancellation Policy,51,9,0,0,1635,1,0,0,development
1845,Can I stop the processing of an order after placing it?,can i stop the processing of an order after placing it?,Cancellation Policy,55,11,0,0,1636,1,0,0,development
1846,How can I withdraw an order that is being prepared?,how can i withdraw an order that is being prepared?,Cancellation Policy,51,10,0,0,1637,1,0,0,development
1847,Can I cancel an order while it is still processing?,can i cancel an order while it is still processing?,Cancellation Policy,51,10,0,0,1638,1,0,0,development
1848,What is the way to stop an order before dispatch?,what is the way to stop an order before dispatch?,Cancellation Policy,49,10,0,0,1639,1,0,0,development
1849,Can I prevent my order from moving to the next stage?,can i prevent my order from moving to the next stage?,Cancellation Policy,53,11,0,0,1640,1,0,0,development
1850,Can I cancel an order before it is processed?,can i cancel an order before it is processed?,Cancellation Policy,45,9,0,0,1641,1,0,0,development
1853,Is there a way to revoke my order?,is there a way to revoke my order?,Cancellation Policy,34,8,0,0,1643,1,0,0,development
1855,How do I undo an order?,how do i undo an order?,Cancellation Policy,23,6,0,0,1645,1,0,0,development
1856,Can I call off an order after placing it?,can i call off an order after placing it?,Cancellation Policy,41,9,0,0,1646,1,0,0,development
1857,Is there a way to withdraw my purchase?,is there a way to withdraw my purchase?,Cancellation Policy,39,8,0,0,1647,1,0,0,development
1858,Can I revoke an order that I placed?,can i revoke an order that i placed?,Cancellation Policy,36,8,0,0,1648,1,0,0,development
1859,How do I stop an order I no longer want?,how do i stop an order i no longer want?,Cancellation Policy,40,10,0,0,1649,1,0,0,development
1860,Can I rescind my purchase request?,can i rescind my purchase request?,Cancellation Policy,34,6,0,0,1650,1,0,0,development
1861,What is the procedure for withdrawing an order?,what is the procedure for withdrawing an order?,Cancellation Policy,47,8,0,0,1651,1,0,0,development
1862,Can I reverse a purchase request?,can i reverse a purchase request?,Cancellation Policy,33,6,0,0,1652,1,0,0,development
1863,How do I cancel something I ordered by mistake?,how do i cancel something i ordered by mistake?,Cancellation Policy,47,9,0,0,1653,1,0,0,development
1864,Is there a way to call off my purchase?,is there a way to call off my purchase?,Cancellation Policy,39,9,0,0,1654,1,0,0,development
1865,Can I withdraw an order before dispatch?,can i withdraw an order before dispatch?,Cancellation Policy,40,7,0,0,1655,1,0,0,development
1866,How can I revoke a purchase I just made?,how can i revoke a purchase i just made?,Cancellation Policy,40,9,0,0,1656,1,0,0,development
1867,Can I undo an order that hasn't shipped?,can i undo an order that hasn't shipped?,Cancellation Policy,40,8,0,0,1657,1,0,0,development
1868,Can I cancel my order if I placed it by mistake?,can i cancel my order if i placed it by mistake?,Cancellation Policy,48,11,0,0,1658,1,0,0,development
1869,I ordered the wrong product and want to cancel it.,i ordered the wrong product and want to cancel it.,Cancellation Policy,50,10,0,0,1659,1,0,0,development
1871,I don't need the order anymore. Can I cancel it?,i don't need the order anymore. can i cancel it?,Cancellation Policy,48,10,0,0,1660,1,0,0,development
1872,I want to stop a purchase I made accidentally.,i want to stop a purchase i made accidentally.,Cancellation Policy,46,9,0,0,1661,1,0,0,development
1873,Can I undo an order I just placed?,can i undo an order i just placed?,Cancellation Policy,34,8,0,0,1662,1,0,0,development
1874,I selected the wrong item. Can I cancel the order?,i selected the wrong item. can i cancel the order?,Cancellation Policy,50,10,0,0,1663,1,0,0,development
1875,I no longer want this order. How can I cancel it?,i no longer want this order. how can i cancel it?,Cancellation Policy,49,11,0,0,1664,1,0,0,development
1876,Can I withdraw an order I made by mistake?,can i withdraw an order i made by mistake?,Cancellation Policy,42,9,0,0,1665,1,0,0,development
1877,I need to cancel a purchase I don't want anymore.,i need to cancel a purchase i don't want anymore.,Cancellation Policy,49,10,0,0,1666,1,0,0,development
1879,I changed my mind about buying this. Can I cancel?,i changed my mind about buying this. can i cancel?,Cancellation Policy,50,10,0,0,1667,1,0,0,development
1880,How can I stop an unwanted order?,how can i stop an unwanted order?,Cancellation Policy,33,7,0,0,1668,1,0,0,development
1881,I want to reverse an order I just submitted.,i want to reverse an order i just submitted.,Cancellation Policy,44,9,0,0,1669,1,0,0,development
1882,Can I call off an order I no longer need?,can i call off an order i no longer need?,Cancellation Policy,41,10,0,0,1670,1,0,0,development
1883,Is it possible to undo a purchase request?,is it possible to undo a purchase request?,Cancellation Policy,42,8,0,0,1671,1,0,0,development
1884,I made the wrong purchase and want to cancel it.,i made the wrong purchase and want to cancel it.,Cancellation Policy,48,10,0,0,1672,1,0,0,development
1885,Can I revoke an order I don't want anymore?,can i revoke an order i don't want anymore?,Cancellation Policy,43,9,0,0,1673,1,0,0,development
1886,I need to withdraw an order I placed.,i need to withdraw an order i placed.,Cancellation Policy,37,8,0,0,1674,1,0,0,development
1887,Can I stop this purchase before it goes out?,can i stop this purchase before it goes out?,Cancellation Policy,44,9,0,0,1675,1,0,0,development
1888,I want to cancel one item from my order.,i want to cancel one item from my order.,Cancellation Policy,40,9,0,0,1676,1,0,0,development
1889,Can I remove a product from an order I already placed?,can i remove a product from an order i already placed?,Cancellation Policy,54,11,0,0,1677,1,0,0,development
1890,I ordered several things and only want to cancel one.,i ordered several things and only want to cancel one.,Cancellation Policy,53,10,0,0,1678,1,0,0,development
1891,Can I cancel part of my order?,can i cancel part of my order?,Cancellation Policy,30,7,0,0,1679,1,0,0,development
1892,How do I cancel a single item without cancelling everything?,how do i cancel a single item without cancelling everything?,Cancellation Policy,60,10,0,0,1680,1,0,0,development
1893,Is partial cancellation available?,is partial cancellation available?,Cancellation Policy,34,4,0,0,1681,1,0,0,development
1894,Can I keep the rest of the order and cancel one product?,can i keep the rest of the order and cancel one product?,Cancellation Policy,56,12,0,0,1682,1,0,0,development
1895,I only want to stop one item from my order.,i only want to stop one item from my order.,Cancellation Policy,43,10,0,0,1683,1,0,0,development
1896,Can one product be cancelled separately?,can one product be cancelled separately?,Cancellation Policy,40,6,0,0,1684,1,0,0,development
1897,Can I cancel one item while the others remain active?,can i cancel one item while the others remain active?,Cancellation Policy,53,10,0,0,1685,1,0,0,development
1898,I need to cancel one product from a multi-item order.,i need to cancel one product from a multi-item order.,Cancellation Policy,53,10,0,0,1686,1,0,0,development
1899,Can I cancel only part of my purchase?,can i cancel only part of my purchase?,Cancellation Policy,38,8,0,0,1687,1,0,0,development
1900,How can I remove one item from my order?,how can i remove one item from my order?,Cancellation Policy,40,9,0,0,1688,1,0,0,development
1901,Is it possible to cancel a single product?,is it possible to cancel a single product?,Cancellation Policy,42,8,0,0,1689,1,0,0,development
1902,I want to stop one item from being shipped.,i want to stop one item from being shipped.,Cancellation Policy,43,9,0,0,1690,1,0,0,development
1903,Can I cancel a product without cancelling the entire order?,can i cancel a product without cancelling the entire order?,Cancellation Policy,59,10,0,0,1691,1,0,0,development
1905,Can I withdraw one item from my order?,can i withdraw one item from my order?,Cancellation Policy,38,8,0,0,1693,1,0,0,development
1906,I want to cancel one part of an order I already placed.,i want to cancel one part of an order i already placed.,Cancellation Policy,55,12,0,0,1694,1,0,0,development
1907,Can I cancel the order after paying for it?,can i cancel the order after paying for it?,Cancellation Policy,43,9,0,0,1695,1,0,0,development
1908,I have already paid. Is cancellation still possible?,i have already paid. is cancellation still possible?,Cancellation Policy,52,8,0,0,1696,1,0,0,development
1909,Can I stop an order after the payment has gone through?,can i stop an order after the payment has gone through?,Cancellation Policy,55,11,0,0,1697,1,0,0,development
1910,"The payment was completed, but I want to cancel the order.","the payment was completed, but i want to cancel the order.",Cancellation Policy,58,11,0,0,1698,1,0,0,development
1911,Can I cancel a paid order?,can i cancel a paid order?,Cancellation Policy,26,6,0,0,1699,1,0,0,development
1912,I paid for this by mistake. Can I cancel it?,i paid for this by mistake. can i cancel it?,Cancellation Policy,44,10,0,0,1700,1,0,0,development
1913,Does payment prevent me from cancelling my order?,does payment prevent me from cancelling my order?,Cancellation Policy,49,8,0,0,1701,1,0,0,development
1914,Can I withdraw my purchase after payment?,can i withdraw my purchase after payment?,Cancellation Policy,41,7,0,0,1702,1,0,0,development
1915,What can I do if I want to cancel after being charged?,what can i do if i want to cancel after being charged?,Cancellation Policy,54,12,0,0,1703,1,0,0,development
1916,Can a completed payment still be cancelled with the order?,can a completed payment still be cancelled with the order?,Cancellation Policy,58,10,0,0,1704,1,0,0,development
1918,Is order cancellation possible once I've paid?,is order cancellation possible once i've paid?,Cancellation Policy,46,7,0,0,1705,1,0,0,development
1919,I want to cancel even though the payment was successful.,i want to cancel even though the payment was successful.,Cancellation Policy,56,10,0,0,1706,1,0,0,development
1920,Can I reverse a paid order?,can i reverse a paid order?,Cancellation Policy,27,6,0,0,1707,1,0,0,development
1921,Can I stop my purchase after the payment was processed?,can i stop my purchase after the payment was processed?,Cancellation Policy,55,10,0,0,1708,1,0,0,development
1922,I paid already and changed my mind. Can I cancel?,i paid already and changed my mind. can i cancel?,Cancellation Policy,49,10,0,0,1709,1,0,0,development
1923,Can I cancel before the package is dispatched?,can i cancel before the package is dispatched?,Cancellation Policy,46,8,0,0,1710,1,0,0,development
1924,Can I stop an order while it is waiting to be shipped?,can i stop an order while it is waiting to be shipped?,Cancellation Policy,54,12,0,0,1711,1,0,0,development
1925,Is cancellation allowed before dispatch?,is cancellation allowed before dispatch?,Cancellation Policy,40,5,0,0,1712,1,0,0,development
1926,I want to cancel before the package leaves.,i want to cancel before the package leaves.,Cancellation Policy,43,8,0,0,1713,1,0,0,development
1927,Can I withdraw an order that hasn't been shipped?,can i withdraw an order that hasn't been shipped?,Cancellation Policy,49,9,0,0,1714,1,0,0,development
1928,How do I stop an unshipped order?,how do i stop an unshipped order?,Cancellation Policy,33,7,0,0,1715,1,0,0,development
1929,Can I cancel while my order is still being prepared?,can i cancel while my order is still being prepared?,Cancellation Policy,52,10,0,0,1716,1,0,0,development
1930,I need to cancel before the shipment starts.,i need to cancel before the shipment starts.,Cancellation Policy,44,8,0,0,1717,1,0,0,development
1931,Can I stop my order before it goes to the carrier?,can i stop my order before it goes to the carrier?,Cancellation Policy,50,11,0,0,1718,1,0,0,development
1932,Is there a way to cancel before dispatch?,is there a way to cancel before dispatch?,Cancellation Policy,41,8,0,0,1719,1,0,0,development
1933,My order is being prepared. Can I still cancel it?,my order is being prepared. can i still cancel it?,Cancellation Policy,50,10,0,0,1720,1,0,0,development
1936,I want to stop the order before it is sent out.,i want to stop the order before it is sent out.,Cancellation Policy,47,11,0,0,1721,1,0,0,development
1937,Can I cancel before the package is handed over for delivery?,can i cancel before the package is handed over for delivery?,Cancellation Policy,60,11,0,0,1722,1,0,0,development
1938,Is my order still cancellable before shipment?,is my order still cancellable before shipment?,Cancellation Policy,46,7,0,0,1723,1,0,0,development
1939,What is the last point at which I can cancel before dispatch?,what is the last point at which i can cancel before dispatch?,Cancellation Policy,61,12,0,0,1724,1,0,0,development
1940,Can I cancel after the order has already shipped?,can i cancel after the order has already shipped?,Cancellation Policy,49,9,0,0,1725,1,0,0,development
1941,The package has been dispatched. Can I still cancel?,the package has been dispatched. can i still cancel?,Cancellation Policy,52,9,0,0,1726,1,0,0,development
1942,Can I stop an order that is already on its way?,can i stop an order that is already on its way?,Cancellation Policy,47,11,0,0,1727,1,0,0,development
1943,Is cancellation possible after dispatch?,is cancellation possible after dispatch?,Cancellation Policy,40,5,0,0,1728,1,0,0,development
1944,I missed the cancellation window before shipping. What can I do?,i missed the cancellation window before shipping. what can i do?,Cancellation Policy,64,11,0,0,1729,1,0,0,development
1945,Can I withdraw an order once it has been sent?,can i withdraw an order once it has been sent?,Cancellation Policy,46,10,0,0,1730,1,0,0,development
1946,How do I cancel an order that is already in transit?,how do i cancel an order that is already in transit?,Cancellation Policy,52,11,0,0,1731,1,0,0,development
1947,Can a shipped order be cancelled?,can a shipped order be cancelled?,Cancellation Policy,33,6,0,0,1732,1,0,0,development
1948,I want to stop a package that has already left the warehouse.,i want to stop a package that has already left the warehouse.,Cancellation Policy,61,12,0,0,1733,1,0,0,development
1949,Can I cancel once the shipment has started?,can i cancel once the shipment has started?,Cancellation Policy,43,8,0,0,1734,1,0,0,development
1950,Is there anything I can do if my order has already been dispatched?,is there anything i can do if my order has already been dispatched?,Cancellation Policy,67,13,0,0,1735,1,0,0,development
1951,Can I reverse an order after it was shipped?,can i reverse an order after it was shipped?,Cancellation Policy,44,9,0,0,1736,1,0,0,development
1952,What are my options for cancelling after dispatch?,what are my options for cancelling after dispatch?,Cancellation Policy,50,8,0,0,1737,1,0,0,development
1953,Can I stop delivery by cancelling the order?,can i stop delivery by cancelling the order?,Cancellation Policy,44,8,0,0,1738,1,0,0,development
1954,Is it possible to cancel an order while it is in transit?,is it possible to cancel an order while it is in transit?,Cancellation Policy,57,12,0,0,1739,1,0,0,development
1955,Can I cancel if the carrier already has my package?,can i cancel if the carrier already has my package?,Cancellation Policy,51,10,0,0,1740,1,0,0,development
1956,What happens to my payment if I cancel the order?,what happens to my payment if i cancel the order?,Cancellation Policy,49,10,0,0,1741,1,0,0,development
1957,Will my payment be returned if I cancel?,will my payment be returned if i cancel?,Cancellation Policy,40,8,0,0,1742,1,0,0,development
1959,"If I cancel my purchase, what happens to the payment?","if i cancel my purchase, what happens to the payment?",Cancellation Policy,53,10,0,0,1743,1,0,0,development
1960,Will the amount I paid be returned after cancellation?,will the amount i paid be returned after cancellation?,Cancellation Policy,54,9,0,0,1744,1,0,0,development
1961,What happens after my cancellation request is accepted?,what happens after my cancellation request is accepted?,Cancellation Policy,55,8,0,0,1745,1,0,0,development
1962,"If my order is cancelled, what happens to the money?","if my order is cancelled, what happens to the money?",Cancellation Policy,52,10,0,0,1746,1,0,0,development
1963,Will cancelling the order reverse the payment?,will cancelling the order reverse the payment?,Cancellation Policy,46,7,0,0,1747,1,0,0,development
1965,Does the payment automatically get returned when an order is cancelled?,does the payment automatically get returned when an order is cancelled?,Cancellation Policy,71,11,0,0,1748,1,0,0,development
1966,"If I stop the order, will I receive the amount I paid back?","if i stop the order, will i receive the amount i paid back?",Cancellation Policy,59,13,0,0,1749,1,0,0,development
1967,What happens to a paid order after cancellation?,what happens to a paid order after cancellation?,Cancellation Policy,48,8,0,0,1750,1,0,0,development
1968,Will I be reimbursed if the order is cancelled?,will i be reimbursed if the order is cancelled?,Cancellation Policy,47,9,0,0,1751,1,0,0,development
1969,Can I cancel and get the payment back?,can i cancel and get the payment back?,Cancellation Policy,38,8,0,0,1752,1,0,0,development
1970,What happens once my cancellation is confirmed?,what happens once my cancellation is confirmed?,Cancellation Policy,47,7,0,0,1753,1,0,0,development
1971,"If I withdraw my order, what happens to the payment?","if i withdraw my order, what happens to the payment?",Cancellation Policy,52,10,0,0,1754,1,0,0,development
1973,Will I get my money back when I stop the order?,will i get my money back when i stop the order?,Cancellation Policy,47,11,0,0,1755,1,0,0,development
1974,Is there a fee for cancelling an order?,is there a fee for cancelling an order?,Cancellation Policy,39,8,0,0,1756,1,0,0,development
1975,Do you charge for order cancellations?,do you charge for order cancellations?,Cancellation Policy,38,6,0,0,1757,1,0,0,development
1976,Will I have to pay if I cancel my order?,will i have to pay if i cancel my order?,Cancellation Policy,40,10,0,0,1758,1,0,0,development
1977,Are there cancellation charges?,are there cancellation charges?,Cancellation Policy,31,4,0,0,1759,1,0,0,development
1979,Does cancelling before shipment cost anything?,does cancelling before shipment cost anything?,Cancellation Policy,46,6,0,0,1760,1,0,0,development
1980,Can I cancel without paying a fee?,can i cancel without paying a fee?,Cancellation Policy,34,7,0,0,1761,1,0,0,development
1981,Will a cancellation fee be deducted?,will a cancellation fee be deducted?,Cancellation Policy,36,6,0,0,1762,1,0,0,development
1982,Are customers charged for cancelling an order?,are customers charged for cancelling an order?,Cancellation Policy,46,7,0,0,1763,1,0,0,development
1983,What is the cancellation charge?,what is the cancellation charge?,Cancellation Policy,32,5,0,0,1764,1,0,0,development
1984,Does the cancellation process involve any extra cost?,does the cancellation process involve any extra cost?,Cancellation Policy,53,8,0,0,1765,1,0,0,development
1985,Is there a cost to withdrawing an order?,is there a cost to withdrawing an order?,Cancellation Policy,40,8,0,0,1766,1,0,0,development
1986,Are cancellation fees applied to paid orders?,are cancellation fees applied to paid orders?,Cancellation Policy,45,7,0,0,1767,1,0,0,development
1988,Is there any fee when I stop an order?,is there any fee when i stop an order?,Cancellation Policy,38,9,0,0,1769,1,0,0,development
1989,Does cancelling an order have a financial penalty?,does cancelling an order have a financial penalty?,Cancellation Policy,50,8,0,0,1770,1,0,0,development
1990,What happens if a cancellation fee applies?,what happens if a cancellation fee applies?,Cancellation Policy,43,7,0,0,1771,1,0,0,development
1991,Can I cancel my order without an additional charge?,can i cancel my order without an additional charge?,Cancellation Policy,51,9,0,0,1772,1,0,0,development
1992,Can I halt an order that is currently processing?,can i halt an order that is currently processing?,Cancellation Policy,49,9,0,0,1773,1,0,0,development
1993,I want to prevent my order from moving forward.,i want to prevent my order from moving forward.,Cancellation Policy,47,9,0,0,1774,1,0,0,development
1994,Can I stop the processing of my purchase?,can i stop the processing of my purchase?,Cancellation Policy,41,8,0,0,1775,1,0,0,development
1995,How can I keep my order from being dispatched?,how can i keep my order from being dispatched?,Cancellation Policy,46,9,0,0,1776,1,0,0,development
1996,I need to stop an order before it is fulfilled.,i need to stop an order before it is fulfilled.,Cancellation Policy,47,10,0,0,1777,1,0,0,development
1997,Can I prevent my order from going to shipment?,can i prevent my order from going to shipment?,Cancellation Policy,46,9,0,0,1778,1,0,0,development
1998,How do I halt an order that is still being prepared?,how do i halt an order that is still being prepared?,Cancellation Policy,52,11,0,0,1779,1,0,0,development
1999,Can the processing of my order be stopped?,can the processing of my order be stopped?,Cancellation Policy,42,8,0,0,1780,1,0,0,development
2000,I want to prevent this purchase from being sent out.,i want to prevent this purchase from being sent out.,Cancellation Policy,52,10,0,0,1781,1,0,0,development
2001,Can I ask for my order not to be processed?,can i ask for my order not to be processed?,Cancellation Policy,43,10,0,0,1782,1,0,0,development
2002,What can I do to stop an order that is in progress?,what can i do to stop an order that is in progress?,Cancellation Policy,51,12,0,0,1783,1,0,0,development
2003,Can I withdraw a purchase while it is being processed?,can i withdraw a purchase while it is being processed?,Cancellation Policy,54,10,0,0,1784,1,0,0,development
2004,Is there a way to halt fulfillment of my order?,is there a way to halt fulfillment of my order?,Cancellation Policy,47,10,0,0,1785,1,0,0,development
2005,I want to stop this order before it moves ahead.,i want to stop this order before it moves ahead.,Cancellation Policy,48,10,0,0,1786,1,0,0,development
2007,How do I stop an order that hasn't finished processing?,how do i stop an order that hasn't finished processing?,Cancellation Policy,55,10,0,0,1787,1,0,0,development
2008,Can I cancel while the order is still in the processing stage?,can i cancel while the order is still in the processing stage?,Cancellation Policy,62,12,0,0,1788,1,0,0,development
2009,I need to prevent this order from being sent.,i need to prevent this order from being sent.,Cancellation Policy,45,9,0,0,1789,1,0,0,development
2010,Can I halt the order before it reaches dispatch?,can i halt the order before it reaches dispatch?,Cancellation Policy,48,9,0,0,1790,1,0,0,development
2011,How do I revoke an order?,how do i revoke an order?,Cancellation Policy,25,6,0,0,1791,1,0,0,development
2012,Can I rescind a purchase I just made?,can i rescind a purchase i just made?,Cancellation Policy,37,8,0,0,1792,1,0,0,development
2013,Is there a way to revoke my purchase request?,is there a way to revoke my purchase request?,Cancellation Policy,45,9,0,0,1793,1,0,0,development
2014,How can I undo my order?,how can i undo my order?,Cancellation Policy,24,6,0,0,1794,1,0,0,development
2015,What is the process for revoking an order?,what is the process for revoking an order?,Cancellation Policy,42,8,0,0,1795,1,0,0,development
2016,Can I rescind my order before shipment?,can i rescind my order before shipment?,Cancellation Policy,39,7,0,0,1796,1,0,0,development
2017,How do I call off a purchase request?,how do i call off a purchase request?,Cancellation Policy,37,8,0,0,1797,1,0,0,development
2018,Can an order be withdrawn after it is placed?,can an order be withdrawn after it is placed?,Cancellation Policy,45,9,0,0,1798,1,0,0,development
2019,How can I reverse an order I submitted?,how can i reverse an order i submitted?,Cancellation Policy,39,8,0,0,1799,1,0,0,development
2020,Is there a way to undo a purchase before dispatch?,is there a way to undo a purchase before dispatch?,Cancellation Policy,50,10,0,0,1800,1,0,0,development
2021,Can I revoke an order that is still processing?,can i revoke an order that is still processing?,Cancellation Policy,47,9,0,0,1801,1,0,0,development
2022,How do I withdraw something I ordered?,how do i withdraw something i ordered?,Cancellation Policy,38,7,0,0,1802,1,0,0,development
2023,Can I rescind an order I no longer want?,can i rescind an order i no longer want?,Cancellation Policy,40,9,0,0,1803,1,0,0,development
2024,What is the procedure for cancelling a purchase request?,what is the procedure for cancelling a purchase request?,Cancellation Policy,56,9,0,0,1804,1,0,0,development
2026,How can I withdraw an order from processing?,how can i withdraw an order from processing?,Cancellation Policy,44,8,0,0,1805,1,0,0,development
2027,Can I undo an order that has not shipped?,can i undo an order that has not shipped?,Cancellation Policy,41,9,0,0,1806,1,0,0,development
2028,How do I revoke a purchase I made online?,how do i revoke a purchase i made online?,Cancellation Policy,41,9,0,0,1807,1,0,0,development
2029,Can I call off an order before dispatch?,can i call off an order before dispatch?,Cancellation Policy,40,8,0,0,1808,1,0,0,development
2031,I placed an order a little while ago and want to stop it.,i placed an order a little while ago and want to stop it.,Cancellation Policy,57,13,0,0,1810,1,0,0,development
2032,Can I cancel an order shortly after placing it?,can i cancel an order shortly after placing it?,Cancellation Policy,47,9,0,0,1811,1,0,0,development
2033,I just submitted my order but want to cancel it.,i just submitted my order but want to cancel it.,Cancellation Policy,48,10,0,0,1812,1,0,0,development
2034,Is there a way to cancel an order immediately after placing it?,is there a way to cancel an order immediately after placing it?,Cancellation Policy,63,12,0,0,1813,1,0,0,development
2035,I ordered something a moment ago and changed my mind.,i ordered something a moment ago and changed my mind.,Cancellation Policy,53,10,0,0,1814,1,0,0,development
2036,Can I stop an order that I just submitted?,can i stop an order that i just submitted?,Cancellation Policy,42,9,0,0,1815,1,0,0,development
2037,How do I cancel an order I recently placed?,how do i cancel an order i recently placed?,Cancellation Policy,43,9,0,0,1816,1,0,0,development
2038,I want to undo an order I placed earlier.,i want to undo an order i placed earlier.,Cancellation Policy,41,9,0,0,1817,1,0,0,development
2039,Can a newly placed order be cancelled?,can a newly placed order be cancelled?,Cancellation Policy,38,7,0,0,1818,1,0,0,development
2040,I just realized I don't need the order. Can I cancel it?,i just realized i don't need the order. can i cancel it?,Cancellation Policy,56,12,0,0,1819,1,0,0,development
2041,Can I cancel an order before it moves to shipping?,can i cancel an order before it moves to shipping?,Cancellation Policy,50,10,0,0,1820,1,0,0,development
2042,I want to stop my recent order from being processed.,i want to stop my recent order from being processed.,Cancellation Policy,52,10,0,0,1821,1,0,0,development
2043,Can I withdraw an order I placed a short time ago?,can i withdraw an order i placed a short time ago?,Cancellation Policy,50,11,0,0,1822,1,0,0,development
2044,How can I cancel my latest purchase?,how can i cancel my latest purchase?,Cancellation Policy,36,7,0,0,1823,1,0,0,development
2045,I need to stop the order I submitted recently.,i need to stop the order i submitted recently.,Cancellation Policy,46,9,0,0,1824,1,0,0,development
2046,Can I reverse my recent order?,can i reverse my recent order?,Cancellation Policy,30,6,0,0,1825,1,0,0,development
2047,Is there a way to cancel a newly placed purchase?,is there a way to cancel a newly placed purchase?,Cancellation Policy,49,10,0,0,1826,1,0,0,development
2048,I want to cancel an order before anything is shipped.,i want to cancel an order before anything is shipped.,Cancellation Policy,53,10,0,0,1827,1,0,0,development
2049,Can I stop my latest order from going out?,can i stop my latest order from going out?,Cancellation Policy,42,9,0,0,1828,1,0,0,development
2050,What do I need to do to cancel an order I just made?,what do i need to do to cancel an order i just made?,Cancellation Policy,52,13,0,0,1829,1,0,0,development
2051,My product arrived damaged. What should I do?,my product arrived damaged. what should i do?,Damaged Product Policy,45,8,0,0,1830,1,0,0,development
2052,The item I received is broken. Can I get help?,the item i received is broken. can i get help?,Damaged Product Policy,46,10,0,0,1831,1,0,0,development
2054,The product was damaged when it was delivered.,the product was damaged when it was delivered.,Damaged Product Policy,46,8,0,0,1833,1,0,0,development
2055,I received a defective item. What are my options?,i received a defective item. what are my options?,Damaged Product Policy,49,9,0,0,1834,1,0,0,development
2056,The product isn't working properly after delivery.,the product isn't working properly after delivery.,Damaged Product Policy,50,7,0,0,1835,1,0,0,development
2057,My laptop arrived broken. How can I report it?,my laptop arrived broken. how can i report it?,Damaged Product Policy,46,9,0,0,1836,1,0,0,development
2058,The screen on my phone was cracked when it arrived.,the screen on my phone was cracked when it arrived.,Damaged Product Policy,51,10,0,0,1837,1,0,0,development
2059,My charger arrived damaged. What should I do?,my charger arrived damaged. what should i do?,Damaged Product Policy,45,8,0,0,1838,1,0,0,development
2060,I received a product that doesn't function.,i received a product that doesn't function.,Damaged Product Policy,43,7,0,0,1839,1,0,0,development
2062,My order arrived in poor condition.,my order arrived in poor condition.,Damaged Product Policy,35,6,0,0,1840,1,0,0,development
2063,The product I received is faulty.,the product i received is faulty.,Damaged Product Policy,33,6,0,0,1841,1,0,0,development
2064,Something is wrong with the item I received.,something is wrong with the item i received.,Damaged Product Policy,44,8,0,0,1842,1,0,0,development
2065,"The package was fine outside, but the product inside is broken.","the package was fine outside, but the product inside is broken.",Damaged Product Policy,63,11,0,0,1843,1,0,0,development
2066,I opened my package and found a damaged item.,i opened my package and found a damaged item.,Damaged Product Policy,45,9,0,0,1844,1,0,0,development
2067,What should I do about a defective product?,what should i do about a defective product?,Damaged Product Policy,43,8,0,0,1845,1,0,0,development
2068,How can I report a damaged product?,how can i report a damaged product?,Damaged Product Policy,35,7,0,0,1846,1,0,0,development
2069,Can I get a replacement for an item that arrived broken?,can i get a replacement for an item that arrived broken?,Damaged Product Policy,56,11,0,0,1847,1,0,0,development
2070,My product has a manufacturing defect. What can I do?,my product has a manufacturing defect. what can i do?,Damaged Product Policy,53,10,0,0,1848,1,0,0,development
2071,The item I received is unusable.,the item i received is unusable.,Damaged Product Policy,32,6,0,0,1849,1,0,0,development
2072,I received a faulty device. How should I report it?,i received a faulty device. how should i report it?,Damaged Product Policy,51,10,0,0,1850,1,0,0,development
2076,I received an item with visible damage.,i received an item with visible damage.,Damaged Product Policy,39,7,0,0,1854,1,0,0,development
2077,"My package arrived, but the product is defective.","my package arrived, but the product is defective.",Damaged Product Policy,49,8,0,0,1855,1,0,0,development
2078,The item I ordered doesn't work.,the item i ordered doesn't work.,Damaged Product Policy,32,6,0,0,1856,1,0,0,development
2079,What happens if my product arrives damaged?,what happens if my product arrives damaged?,Damaged Product Policy,43,7,0,0,1857,1,0,0,development
2080,Can a damaged product be replaced?,can a damaged product be replaced?,Damaged Product Policy,34,6,0,0,1858,1,0,0,development
2081,I need help with a product that arrived broken.,i need help with a product that arrived broken.,Damaged Product Policy,47,9,0,0,1859,1,0,0,development
2082,My item was damaged while being shipped.,my item was damaged while being shipped.,Damaged Product Policy,40,7,0,0,1860,1,0,0,development
2083,The product has a defect and I need assistance.,the product has a defect and i need assistance.,Damaged Product Policy,47,9,0,0,1861,1,0,0,development
2085,The product is faulty right out of the box.,the product is faulty right out of the box.,Damaged Product Policy,43,9,0,0,1863,1,0,0,development
2086,My device arrived with a damaged screen.,my device arrived with a damaged screen.,Damaged Product Policy,40,7,0,0,1864,1,0,0,development
2088,My purchase arrived damaged. How do I proceed?,my purchase arrived damaged. how do i proceed?,Damaged Product Policy,46,8,0,0,1866,1,0,0,development
2090,The product I received is not usable because it is damaged.,the product i received is not usable because it is damaged.,Damaged Product Policy,59,11,0,0,1868,1,0,0,development
2091,Can I report an item that arrived defective?,can i report an item that arrived defective?,Damaged Product Policy,44,8,0,0,1869,1,0,0,development
2092,How do I report damage to an item I received?,how do i report damage to an item i received?,Damaged Product Policy,45,10,0,0,1870,1,0,0,development
2093,My package contained a broken product.,my package contained a broken product.,Damaged Product Policy,38,6,0,0,1871,1,0,0,development
2094,The item was damaged before it reached me.,the item was damaged before it reached me.,Damaged Product Policy,42,8,0,0,1872,1,0,0,development
2095,What can I do if the product is faulty on arrival?,what can i do if the product is faulty on arrival?,Damaged Product Policy,50,11,0,0,1873,1,0,0,development
2096,I received a defective product and need assistance.,i received a defective product and need assistance.,Damaged Product Policy,51,8,0,0,1874,1,0,0,development
2097,The item arrived with a crack. What are my options?,the item arrived with a crack. what are my options?,Damaged Product Policy,51,10,0,0,1875,1,0,0,development
2098,My product has been damaged in shipping.,my product has been damaged in shipping.,Damaged Product Policy,40,7,0,0,1876,1,0,0,development
2099,Can you help me with an item that arrived broken?,can you help me with an item that arrived broken?,Damaged Product Policy,49,10,0,0,1877,1,0,0,development
2100,The product I received has a manufacturing fault.,the product i received has a manufacturing fault.,Damaged Product Policy,49,8,0,0,1878,1,0,0,development
2101,My device is defective. How can I get help?,my device is defective. how can i get help?,Damaged Product Policy,43,9,0,0,1879,1,0,0,development
2102,The item doesn't work even though I just received it.,the item doesn't work even though i just received it.,Damaged Product Policy,53,10,0,0,1880,1,0,0,development
2103,I received a product with a broken component.,i received a product with a broken component.,Damaged Product Policy,45,8,0,0,1881,1,0,0,development
2104,My order arrived with a damaged accessory.,my order arrived with a damaged accessory.,Damaged Product Policy,42,7,0,0,1882,1,0,0,development
2105,One of the parts of my product is missing.,one of the parts of my product is missing.,Damaged Product Policy,42,9,0,0,1883,1,0,0,development
2106,The package arrived and the item has missing parts.,the package arrived and the item has missing parts.,Damaged Product Policy,51,9,0,0,1884,1,0,0,development
2107,My product arrived incomplete. What should I do?,my product arrived incomplete. what should i do?,Damaged Product Policy,48,8,0,0,1885,1,0,0,development
2108,I received an item with a component missing.,i received an item with a component missing.,Damaged Product Policy,44,8,0,0,1886,1,0,0,development
2109,There are parts missing from the product I received.,there are parts missing from the product i received.,Damaged Product Policy,52,9,0,0,1887,1,0,0,development
2110,The item is missing some pieces from the package.,the item is missing some pieces from the package.,Damaged Product Policy,49,9,0,0,1888,1,0,0,development
2111,My order came without all the required parts.,my order came without all the required parts.,Damaged Product Policy,45,8,0,0,1889,1,0,0,development
2112,A part of the product was missing when it arrived.,a part of the product was missing when it arrived.,Damaged Product Policy,50,10,0,0,1890,1,0,0,development
2113,The product I received isn't complete.,the product i received isn't complete.,Damaged Product Policy,38,6,0,0,1891,1,0,0,development
2114,What should I do if my item arrives with missing parts?,what should i do if my item arrives with missing parts?,Damaged Product Policy,55,11,0,0,1892,1,0,0,development
2115,Can I report an incomplete product?,can i report an incomplete product?,Damaged Product Policy,35,6,0,0,1893,1,0,0,development
2116,My package is missing a component of the item.,my package is missing a component of the item.,Damaged Product Policy,46,9,0,0,1894,1,0,0,development
2117,The product arrived with some pieces missing.,the product arrived with some pieces missing.,Damaged Product Policy,45,7,0,0,1895,1,0,0,development
2118,I received a faulty charger. Can it be replaced?,i received a faulty charger. can it be replaced?,Damaged Product Policy,48,9,0,0,1896,1,0,0,development
2119,My charger isn't working after delivery.,my charger isn't working after delivery.,Damaged Product Policy,40,6,0,0,1897,1,0,0,development
2120,The charger I received is defective.,the charger i received is defective.,Damaged Product Policy,36,6,0,0,1898,1,0,0,development
2121,The charging adapter arrived damaged.,the charging adapter arrived damaged.,Damaged Product Policy,37,5,0,0,1899,1,0,0,development
2122,My charger stopped working immediately after I received it.,my charger stopped working immediately after i received it.,Damaged Product Policy,59,9,0,0,1900,1,0,0,development
2123,The accessory I received is broken.,the accessory i received is broken.,Damaged Product Policy,35,6,0,0,1901,1,0,0,development
2124,Can I report a damaged accessory?,can i report a damaged accessory?,Damaged Product Policy,33,6,0,0,1902,1,0,0,development
2125,One of the accessories in my order is defective.,one of the accessories in my order is defective.,Damaged Product Policy,48,9,0,0,1903,1,0,0,development
2126,The cable that came with my product is not working.,the cable that came with my product is not working.,Damaged Product Policy,51,10,0,0,1904,1,0,0,development
2127,An accessory arrived in damaged condition.,an accessory arrived in damaged condition.,Damaged Product Policy,42,6,0,0,1905,1,0,0,development
2129,The screen was shattered when the device arrived.,the screen was shattered when the device arrived.,Damaged Product Policy,49,8,0,0,1906,1,0,0,development
2130,My laptop arrived with a broken display.,my laptop arrived with a broken display.,Damaged Product Policy,40,7,0,0,1907,1,0,0,development
2131,The device has a cracked screen. What should I do?,the device has a cracked screen. what should i do?,Damaged Product Policy,50,10,0,0,1908,1,0,0,development
2133,I received a phone with a broken screen.,i received a phone with a broken screen.,Damaged Product Policy,40,8,0,0,1910,1,0,0,development
2134,My laptop was damaged during shipping.,my laptop was damaged during shipping.,Damaged Product Policy,38,6,0,0,1911,1,0,0,development
2135,The device I received has physical damage.,the device i received has physical damage.,Damaged Product Policy,42,7,0,0,1912,1,0,0,development
2136,The display on my product arrived cracked.,the display on my product arrived cracked.,Damaged Product Policy,42,7,0,0,1913,1,0,0,development
2137,My new device arrived unusable.,my new device arrived unusable.,Damaged Product Policy,31,5,0,0,1914,1,0,0,development
2138,The product was damaged while being transported.,the product was damaged while being transported.,Damaged Product Policy,48,7,0,0,1915,1,0,0,development
2139,The package was handled badly and the product is broken.,the package was handled badly and the product is broken.,Damaged Product Policy,56,10,0,0,1916,1,0,0,development
2140,The item seems to have been damaged during transit.,the item seems to have been damaged during transit.,Damaged Product Policy,51,9,0,0,1917,1,0,0,development
2141,My product was fine before delivery but arrived damaged.,my product was fine before delivery but arrived damaged.,Damaged Product Policy,56,9,0,0,1918,1,0,0,development
2142,The shipment caused damage to the product.,the shipment caused damage to the product.,Damaged Product Policy,42,7,0,0,1919,1,0,0,development
2143,The item was broken before I received it.,the item was broken before i received it.,Damaged Product Policy,41,8,0,0,1920,1,0,0,development
2144,The product arrived with damage from shipping.,the product arrived with damage from shipping.,Damaged Product Policy,46,7,0,0,1921,1,0,0,development
2145,The package was delivered but the product inside is damaged.,the package was delivered but the product inside is damaged.,Damaged Product Policy,60,10,0,0,1922,1,0,0,development
2147,Can I claim compensation for a damaged product?,can i claim compensation for a damaged product?,Damaged Product Policy,47,8,0,0,1923,1,0,0,development
2148,What can I claim if my item arrives broken?,what can i claim if my item arrives broken?,Damaged Product Policy,43,9,0,0,1924,1,0,0,development
2149,Is compensation available for a damaged product?,is compensation available for a damaged product?,Damaged Product Policy,48,7,0,0,1925,1,0,0,development
2151,What are my options if shipping damaged my product?,what are my options if shipping damaged my product?,Damaged Product Policy,51,9,0,0,1927,1,0,0,development
2152,Can I make a claim for a broken item?,can i make a claim for a broken item?,Damaged Product Policy,37,9,0,0,1928,1,0,0,development
2153,How do I report a product damaged during shipping?,how do i report a product damaged during shipping?,Damaged Product Policy,50,9,0,0,1929,1,0,0,development
2154,Is there any compensation for damage caused in transit?,is there any compensation for damage caused in transit?,Damaged Product Policy,55,9,0,0,1930,1,0,0,development
2155,Can I request assistance for a damaged delivery?,can i request assistance for a damaged delivery?,Damaged Product Policy,48,8,0,0,1931,1,0,0,development
2156,What should I do to make a damaged-product claim?,what should i do to make a damaged-product claim?,Damaged Product Policy,49,9,0,0,1932,1,0,0,development
2157,Do I need proof that the product was damaged?,do i need proof that the product was damaged?,Damaged Product Policy,45,9,0,0,1933,1,0,0,development
2158,What evidence is needed for a damaged product claim?,what evidence is needed for a damaged product claim?,Damaged Product Policy,52,9,0,0,1934,1,0,0,development
2160,What proof should I provide for a damaged order?,what proof should i provide for a damaged order?,Damaged Product Policy,48,9,0,0,1936,1,0,0,development
2163,What information do you need for a damaged product report?,what information do you need for a damaged product report?,Damaged Product Policy,58,10,0,0,1939,1,0,0,development
2164,Do I need to show the damage before getting help?,do i need to show the damage before getting help?,Damaged Product Policy,49,10,0,0,1940,1,0,0,development
2165,What evidence should I keep if my item arrives broken?,what evidence should i keep if my item arrives broken?,Damaged Product Policy,54,10,0,0,1941,1,0,0,development
2166,Are pictures needed to report a defective product?,are pictures needed to report a defective product?,Damaged Product Policy,50,8,0,0,1942,1,0,0,development
2167,Can I get a replacement for a damaged item?,can i get a replacement for a damaged item?,Damaged Product Policy,43,9,0,0,1943,1,0,0,development
2168,Will a broken product be replaced?,will a broken product be replaced?,Damaged Product Policy,34,6,0,0,1944,1,0,0,development
2169,What happens if I receive a defective product?,what happens if i receive a defective product?,Damaged Product Policy,46,8,0,0,1945,1,0,0,development
2170,Can a faulty item be replaced?,can a faulty item be replaced?,Damaged Product Policy,30,6,0,0,1946,1,0,0,development
2171,I received a broken product. Can I request a replacement?,i received a broken product. can i request a replacement?,Damaged Product Policy,57,10,0,0,1947,1,0,0,development
2172,Is replacement available for an item damaged during delivery?,is replacement available for an item damaged during delivery?,Damaged Product Policy,61,9,0,0,1948,1,0,0,development
2173,Can I get another product if mine arrived defective?,can i get another product if mine arrived defective?,Damaged Product Policy,52,9,0,0,1949,1,0,0,development
2174,What are the replacement options for a damaged product?,what are the replacement options for a damaged product?,Damaged Product Policy,55,9,0,0,1950,1,0,0,development
2175,How do I request a replacement for a broken item?,how do i request a replacement for a broken item?,Damaged Product Policy,49,10,0,0,1951,1,0,0,development
2176,Can a defective device be replaced?,can a defective device be replaced?,Damaged Product Policy,35,6,0,0,1952,1,0,0,development
2178,I want to report a defective item and request help.,i want to report a defective item and request help.,Damaged Product Policy,51,10,0,0,1954,1,0,0,development
2179,How do I report a product that doesn't work?,how do i report a product that doesn't work?,Damaged Product Policy,44,9,0,0,1955,1,0,0,development
2180,Can I report a faulty product after delivery?,can i report a faulty product after delivery?,Damaged Product Policy,45,8,0,0,1956,1,0,0,development
2181,What is the procedure for reporting a damaged item?,what is the procedure for reporting a damaged item?,Damaged Product Policy,51,9,0,0,1957,1,0,0,development
2182,Where should I report a defective product?,where should i report a defective product?,Damaged Product Policy,42,7,0,0,1958,1,0,0,development
2183,How can I notify you about damage to my order?,how can i notify you about damage to my order?,Damaged Product Policy,46,10,0,0,1959,1,0,0,development
2184,I need to report that my product arrived broken.,i need to report that my product arrived broken.,Damaged Product Policy,48,9,0,0,1960,1,0,0,development
2185,Can I report damage to a product I just received?,can i report damage to a product i just received?,Damaged Product Policy,49,10,0,0,1961,1,0,0,development
2186,What should I include when reporting a faulty item?,what should i include when reporting a faulty item?,Damaged Product Policy,51,9,0,0,1962,1,0,0,development
2187,The item worked poorly from the moment I opened it.,the item worked poorly from the moment i opened it.,Damaged Product Policy,51,10,0,0,1963,1,0,0,development
2188,My product was defective as soon as I received it.,my product was defective as soon as i received it.,Damaged Product Policy,50,10,0,0,1964,1,0,0,development
2189,The device arrived but cannot be used.,the device arrived but cannot be used.,Damaged Product Policy,38,7,0,0,1965,1,0,0,development
2190,The item has a fault straight out of the package.,the item has a fault straight out of the package.,Damaged Product Policy,49,10,0,0,1966,1,0,0,development
2192,The product doesn't function the way it should.,the product doesn't function the way it should.,Damaged Product Policy,47,8,0,0,1968,1,0,0,development
2193,The item is faulty on arrival.,the item is faulty on arrival.,Damaged Product Policy,30,6,0,0,1969,1,0,0,development
2194,I received a product that was already defective.,i received a product that was already defective.,Damaged Product Policy,48,8,0,0,1970,1,0,0,development
2195,My order arrived with a non-working item.,my order arrived with a non-working item.,Damaged Product Policy,41,7,0,0,1971,1,0,0,development
2196,The product became unusable immediately after delivery.,the product became unusable immediately after delivery.,Damaged Product Policy,55,7,0,0,1972,1,0,0,development
2197,My item has a manufacturing defect.,my item has a manufacturing defect.,Damaged Product Policy,35,6,0,0,1973,1,0,0,development
2198,I think there is a manufacturing fault in the product.,i think there is a manufacturing fault in the product.,Damaged Product Policy,54,10,0,0,1974,1,0,0,development
2199,The product appears to have a factory defect.,the product appears to have a factory defect.,Damaged Product Policy,45,8,0,0,1975,1,0,0,development
2200,The item has a defect that was present when it arrived.,the item has a defect that was present when it arrived.,Damaged Product Policy,55,11,0,0,1976,1,0,0,development
2201,My device seems to have a manufacturing problem.,my device seems to have a manufacturing problem.,Damaged Product Policy,48,8,0,0,1977,1,0,0,development
2202,The product I received has a built-in defect.,the product i received has a built-in defect.,Damaged Product Policy,45,8,0,0,1978,1,0,0,development
2203,There is a manufacturing fault with my purchase.,there is a manufacturing fault with my purchase.,Damaged Product Policy,48,8,0,0,1979,1,0,0,development
2205,The product has a defect that prevents it from working.,the product has a defect that prevents it from working.,Damaged Product Policy,55,10,0,0,1981,1,0,0,development
2207,My package arrived damaged and I don't know what to do.,my package arrived damaged and i don't know what to do.,Damaged Product Policy,55,11,0,0,1983,1,0,0,development
2208,I just opened the package and found the product broken.,i just opened the package and found the product broken.,Damaged Product Policy,55,10,0,0,1984,1,0,0,development
2209,The product inside my delivery is damaged.,the product inside my delivery is damaged.,Damaged Product Policy,42,7,0,0,1985,1,0,0,development
2210,My order arrived with a defective item inside.,my order arrived with a defective item inside.,Damaged Product Policy,46,8,0,0,1986,1,0,0,development
2211,"I received the package, but the item is damaged.","i received the package, but the item is damaged.",Damaged Product Policy,48,9,0,0,1987,1,0,0,development
2213,The product is broken and I need assistance.,the product is broken and i need assistance.,Damaged Product Policy,44,8,0,0,1989,1,0,0,development
2214,My purchase is defective. What are my options?,my purchase is defective. what are my options?,Damaged Product Policy,46,8,0,0,1990,1,0,0,development
2215,I need help because the product I received is faulty.,i need help because the product i received is faulty.,Damaged Product Policy,53,10,0,0,1991,1,0,0,development
2216,The item I received has serious damage.,the item i received has serious damage.,Damaged Product Policy,39,7,0,0,1992,1,0,0,development
2218,My item arrived with a broken part.,my item arrived with a broken part.,Damaged Product Policy,35,7,0,0,1994,1,0,0,development
2219,The product has a physical defect after delivery.,the product has a physical defect after delivery.,Damaged Product Policy,49,8,0,0,1995,1,0,0,development
2220,My order arrived with a damaged component.,my order arrived with a damaged component.,Damaged Product Policy,42,7,0,0,1996,1,0,0,development
2221,The item has damage that was not there before shipping.,the item has damage that was not there before shipping.,Damaged Product Policy,55,10,0,0,1997,1,0,0,development
2222,The product arrived in a condition I cannot use.,the product arrived in a condition i cannot use.,Damaged Product Policy,48,9,0,0,1998,1,0,0,development
2223,I received a broken item and need to know what to do next.,i received a broken item and need to know what to do next.,Damaged Product Policy,58,13,0,0,1999,1,0,0,development
2224,The device is damaged and I need support.,the device is damaged and i need support.,Damaged Product Policy,41,8,0,0,2000,1,0,0,development
2225,My purchase arrived defective and I need a solution.,my purchase arrived defective and i need a solution.,Damaged Product Policy,52,9,0,0,2001,1,0,0,development
2226,The item I received is damaged beyond use.,the item i received is damaged beyond use.,Damaged Product Policy,42,8,0,0,2002,1,0,0,development
2227,Can I get help with a product that arrived in bad condition?,can i get help with a product that arrived in bad condition?,Damaged Product Policy,60,12,0,0,2003,1,0,0,development
2228,"My product arrived broken, and I want to report the issue.","my product arrived broken, and i want to report the issue.",Damaged Product Policy,58,11,0,0,2004,1,0,0,development
2229,I found a defect in the product as soon as I opened it.,i found a defect in the product as soon as i opened it.,Damaged Product Policy,55,13,0,0,2005,1,0,0,development
2230,The item has missing parts and cannot be used properly.,the item has missing parts and cannot be used properly.,Damaged Product Policy,55,10,0,0,2006,1,0,0,development
2232,The product is missing a piece. What should I do?,the product is missing a piece. what should i do?,Damaged Product Policy,49,10,0,0,2008,1,0,0,development
2234,One component was not included with my item.,one component was not included with my item.,Damaged Product Policy,44,8,0,0,2010,1,0,0,development
2235,The product arrived without one of its parts.,the product arrived without one of its parts.,Damaged Product Policy,45,8,0,0,2011,1,0,0,development
2236,I am missing a component from the product I received.,i am missing a component from the product i received.,Damaged Product Policy,53,10,0,0,2012,1,0,0,development
2237,My order has a product with missing pieces.,my order has a product with missing pieces.,Damaged Product Policy,43,8,0,0,2013,1,0,0,development
2238,A required part was absent when the package arrived.,a required part was absent when the package arrived.,Damaged Product Policy,52,9,0,0,2014,1,0,0,development
2239,The item is incomplete because something is missing.,the item is incomplete because something is missing.,Damaged Product Policy,52,8,0,0,2015,1,0,0,development
2240,What should I do about missing parts in my order?,what should i do about missing parts in my order?,Damaged Product Policy,49,10,0,0,2016,1,0,0,development
2241,Can I report missing components from a delivered product?,can i report missing components from a delivered product?,Damaged Product Policy,57,9,0,0,2017,1,0,0,development
2242,The package arrived damaged and one part is missing.,the package arrived damaged and one part is missing.,Damaged Product Policy,52,9,0,0,2018,1,0,0,development
2243,My product is broken and also has a missing component.,my product is broken and also has a missing component.,Damaged Product Policy,54,10,0,0,2019,1,0,0,development
2244,The item arrived with both damage and missing parts.,the item arrived with both damage and missing parts.,Damaged Product Policy,52,9,0,0,2020,1,0,0,development
2246,The device arrived damaged and incomplete.,the device arrived damaged and incomplete.,Damaged Product Policy,42,6,0,0,2022,1,0,0,development
2248,The product is defective and missing one of its components.,the product is defective and missing one of its components.,Damaged Product Policy,59,10,0,0,2024,1,0,0,development
2249,Can I report a product that arrived damaged and incomplete?,can i report a product that arrived damaged and incomplete?,Damaged Product Policy,59,10,0,0,2025,1,0,0,development
2250,My package contains a damaged item with missing pieces.,my package contains a damaged item with missing pieces.,Damaged Product Policy,55,9,0,0,2026,1,0,0,development
2251,My phone arrived with a cracked display. What can I do?,my phone arrived with a cracked display. what can i do?,Damaged Product Policy,55,11,0,0,2027,1,0,0,development
2252,The laptop casing is broken after delivery.,the laptop casing is broken after delivery.,Damaged Product Policy,43,7,0,0,2028,1,0,0,development
2253,My tablet arrived with a damaged screen.,my tablet arrived with a damaged screen.,Damaged Product Policy,40,7,0,0,2029,1,0,0,development
2254,The device I received has a cracked body.,the device i received has a cracked body.,Damaged Product Policy,41,8,0,0,2030,1,0,0,development
2255,My monitor was damaged during shipping.,my monitor was damaged during shipping.,Damaged Product Policy,39,6,0,0,2031,1,0,0,development
2256,The screen on my laptop is broken right out of the box.,the screen on my laptop is broken right out of the box.,Damaged Product Policy,55,12,0,0,2032,1,0,0,development
2257,My phone has a cracked screen and was delivered that way.,my phone has a cracked screen and was delivered that way.,Damaged Product Policy,57,11,0,0,2033,1,0,0,development
2259,My new laptop has a broken hinge. What should I do?,my new laptop has a broken hinge. what should i do?,Damaged Product Policy,51,11,0,0,2035,1,0,0,development
2260,The product arrived with a dent. Can I report it?,the product arrived with a dent. can i report it?,Damaged Product Policy,49,10,0,0,2036,1,0,0,development
2261,My headphones arrived broken.,my headphones arrived broken.,Damaged Product Policy,29,4,0,0,2037,1,0,0,development
2262,The speaker I received is physically damaged.,the speaker i received is physically damaged.,Damaged Product Policy,45,7,0,0,2038,1,0,0,development
2263,My keyboard arrived with broken keys.,my keyboard arrived with broken keys.,Damaged Product Policy,37,6,0,0,2039,1,0,0,development
2264,The mouse I ordered arrived damaged.,the mouse i ordered arrived damaged.,Damaged Product Policy,36,6,0,0,2040,1,0,0,development
2265,My camera arrived with a cracked lens.,my camera arrived with a cracked lens.,Damaged Product Policy,38,7,0,0,2041,1,0,0,development
2266,The tablet screen was damaged when I opened the package.,the tablet screen was damaged when i opened the package.,Damaged Product Policy,56,10,0,0,2042,1,0,0,development
2267,My device has visible damage from shipping.,my device has visible damage from shipping.,Damaged Product Policy,43,7,0,0,2043,1,0,0,development
2268,The product has a crack that was there when it arrived.,the product has a crack that was there when it arrived.,Damaged Product Policy,55,11,0,0,2044,1,0,0,development
2269,I received a phone with physical damage.,i received a phone with physical damage.,Damaged Product Policy,40,7,0,0,2045,1,0,0,development
2270,My laptop was damaged before it reached me.,my laptop was damaged before it reached me.,Damaged Product Policy,43,8,0,0,2046,1,0,0,development
2271,The item arrived with a broken connector.,the item arrived with a broken connector.,Damaged Product Policy,41,7,0,0,2047,1,0,0,development
2272,My device has a damaged port.,my device has a damaged port.,Damaged Product Policy,29,6,0,0,2048,1,0,0,development
2273,The product arrived with a loose component.,the product arrived with a loose component.,Damaged Product Policy,43,7,0,0,2049,1,0,0,development
2275,"The package was delivered, but the product is physically broken.","the package was delivered, but the product is physically broken.",Damaged Product Policy,64,10,0,0,2051,1,0,0,development
2276,I noticed a crack in the product as soon as I opened it.,i noticed a crack in the product as soon as i opened it.,Damaged Product Policy,56,13,0,0,2052,1,0,0,development
2277,My new device has damage from transit.,my new device has damage from transit.,Damaged Product Policy,38,7,0,0,2053,1,0,0,development
2278,The product was scratched and damaged when delivered.,the product was scratched and damaged when delivered.,Damaged Product Policy,53,8,0,0,2054,1,0,0,development
2279,My order contains a product with shipping damage.,my order contains a product with shipping damage.,Damaged Product Policy,49,8,0,0,2055,1,0,0,development
2280,The item arrived in a damaged condition and I need assistance.,the item arrived in a damaged condition and i need assistance.,Damaged Product Policy,62,11,0,0,2056,1,0,0,development
2281,My phone won't turn on after arriving damaged.,my phone won't turn on after arriving damaged.,Damaged Product Policy,46,8,0,0,2057,1,0,0,development
2282,The laptop does not start and arrived damaged.,the laptop does not start and arrived damaged.,Damaged Product Policy,46,8,0,0,2058,1,0,0,development
2284,My product arrived broken and cannot be used.,my product arrived broken and cannot be used.,Damaged Product Policy,45,8,0,0,2060,1,0,0,development
2285,The item was working poorly from the moment I received it.,the item was working poorly from the moment i received it.,Damaged Product Policy,58,11,0,0,2061,1,0,0,development
2286,My device does not function properly after delivery.,my device does not function properly after delivery.,Damaged Product Policy,52,8,0,0,2062,1,0,0,development
2287,The product is not working straight out of the package.,the product is not working straight out of the package.,Damaged Product Policy,55,10,0,0,2063,1,0,0,development
2288,I received an item that fails to operate.,i received an item that fails to operate.,Damaged Product Policy,41,8,0,0,2064,1,0,0,development
2289,The device arrived but won't work.,the device arrived but won't work.,Damaged Product Policy,34,6,0,0,2065,1,0,0,development
2290,My new product is not functioning at all.,my new product is not functioning at all.,Damaged Product Policy,41,8,0,0,2066,1,0,0,development
2291,The item powers on but does not work correctly.,the item powers on but does not work correctly.,Damaged Product Policy,47,9,0,0,2067,1,0,0,development
2292,The product has a functional defect from the start.,the product has a functional defect from the start.,Damaged Product Policy,51,9,0,0,2068,1,0,0,development
2293,My device arrived with a fault.,my device arrived with a fault.,Damaged Product Policy,31,6,0,0,2069,1,0,0,development
2294,The item is defective on arrival.,the item is defective on arrival.,Damaged Product Policy,33,6,0,0,2070,1,0,0,development
2295,The product stopped working immediately after delivery.,the product stopped working immediately after delivery.,Damaged Product Policy,55,7,0,0,2071,1,0,0,development
2296,I received a non-working device.,i received a non-working device.,Damaged Product Policy,32,5,0,0,2072,1,0,0,development
2297,My order arrived with an item that doesn't function.,my order arrived with an item that doesn't function.,Damaged Product Policy,52,9,0,0,2073,1,0,0,development
2298,The product has a problem right after unboxing.,the product has a problem right after unboxing.,Damaged Product Policy,47,8,0,0,2074,1,0,0,development
2299,The device I received is faulty from the beginning.,the device i received is faulty from the beginning.,Damaged Product Policy,51,9,0,0,2075,1,0,0,development
2300,My charger doesn't charge the device.,my charger doesn't charge the device.,Damaged Product Policy,37,6,0,0,2076,1,0,0,development
2301,The charging adapter I received is not working.,the charging adapter i received is not working.,Damaged Product Policy,47,8,0,0,2077,1,0,0,development
2302,My charger arrived defective.,my charger arrived defective.,Damaged Product Policy,29,4,0,0,2078,1,0,0,development
2303,The charging cable is broken.,the charging cable is broken.,Damaged Product Policy,29,5,0,0,2079,1,0,0,development
2304,The cable included with my order does not work.,the cable included with my order does not work.,Damaged Product Policy,47,9,0,0,2080,1,0,0,development
2305,My adapter was damaged when it arrived.,my adapter was damaged when it arrived.,Damaged Product Policy,39,7,0,0,2081,1,0,0,development
2306,The charger has a fault straight out of the box.,the charger has a fault straight out of the box.,Damaged Product Policy,48,10,0,0,2082,1,0,0,development
2307,I received a non-working charging cable.,i received a non-working charging cable.,Damaged Product Policy,40,6,0,0,2083,1,0,0,development
2309,The power adapter is defective.,the power adapter is defective.,Damaged Product Policy,31,5,0,0,2084,1,0,0,development
2310,My charging accessory arrived damaged.,my charging accessory arrived damaged.,Damaged Product Policy,38,5,0,0,2085,1,0,0,development
2311,The cable in the package has a broken connector.,the cable in the package has a broken connector.,Damaged Product Policy,48,9,0,0,2086,1,0,0,development
2312,The charger was faulty on delivery.,the charger was faulty on delivery.,Damaged Product Policy,35,6,0,0,2087,1,0,0,development
2313,I received a damaged power adapter.,i received a damaged power adapter.,Damaged Product Policy,35,6,0,0,2088,1,0,0,development
2314,The charging accessory isn't functioning properly.,the charging accessory isn't functioning properly.,Damaged Product Policy,50,6,0,0,2089,1,0,0,development
2315,My device charger arrived unusable.,my device charger arrived unusable.,Damaged Product Policy,35,5,0,0,2090,1,0,0,development
2316,The cable came broken with the order.,the cable came broken with the order.,Damaged Product Policy,37,7,0,0,2091,1,0,0,development
2317,The adapter does not work after delivery.,the adapter does not work after delivery.,Damaged Product Policy,41,7,0,0,2092,1,0,0,development
2318,My charger has a manufacturing defect.,my charger has a manufacturing defect.,Damaged Product Policy,38,6,0,0,2093,1,0,0,development
2319,The power cable I received is defective.,the power cable i received is defective.,Damaged Product Policy,40,7,0,0,2094,1,0,0,development
2320,My order is missing a part of the product.,my order is missing a part of the product.,Damaged Product Policy,42,9,0,0,2095,1,0,0,development
2321,The item arrived without one of its components.,the item arrived without one of its components.,Damaged Product Policy,47,8,0,0,2096,1,0,0,development
2322,There is a piece missing from the product I received.,there is a piece missing from the product i received.,Damaged Product Policy,53,10,0,0,2097,1,0,0,development
2323,My package does not contain all the parts of the item.,my package does not contain all the parts of the item.,Damaged Product Policy,54,11,0,0,2098,1,0,0,development
2324,One component of my order is missing.,one component of my order is missing.,Damaged Product Policy,37,7,0,0,2099,1,0,0,development
2325,The product came incomplete.,the product came incomplete.,Damaged Product Policy,28,4,0,0,2100,1,0,0,development
2327,My item is missing one of its pieces.,my item is missing one of its pieces.,Damaged Product Policy,37,8,0,0,2102,1,0,0,development
2328,The product arrived without an important component.,the product arrived without an important component.,Damaged Product Policy,51,7,0,0,2103,1,0,0,development
2329,I received the product but one part was not included.,i received the product but one part was not included.,Damaged Product Policy,53,10,0,0,2104,1,0,0,development
2330,The package is missing a component.,the package is missing a component.,Damaged Product Policy,35,6,0,0,2105,1,0,0,development
2331,There are missing pieces in the item I received.,there are missing pieces in the item i received.,Damaged Product Policy,48,9,0,0,2106,1,0,0,development
2333,The product is missing something from the original package.,the product is missing something from the original package.,Damaged Product Policy,59,9,0,0,2108,1,0,0,development
2334,One of the product parts wasn't in the box.,one of the product parts wasn't in the box.,Damaged Product Policy,43,9,0,0,2109,1,0,0,development
2335,I received only part of the product.,i received only part of the product.,Damaged Product Policy,36,7,0,0,2110,1,0,0,development
2336,A component is missing from my delivered item.,a component is missing from my delivered item.,Damaged Product Policy,46,8,0,0,2111,1,0,0,development
2337,The item I received has missing pieces.,the item i received has missing pieces.,Damaged Product Policy,39,7,0,0,2112,1,0,0,development
2338,The product arrived without all its parts.,the product arrived without all its parts.,Damaged Product Policy,42,7,0,0,2113,1,0,0,development
2339,My package was missing a required accessory.,my package was missing a required accessory.,Damaged Product Policy,44,7,0,0,2114,1,0,0,development
2340,I opened the box and found that a component was missing.,i opened the box and found that a component was missing.,Damaged Product Policy,56,11,0,0,2115,1,0,0,development
2341,Can I report a product that arrived with missing parts?,can i report a product that arrived with missing parts?,Damaged Product Policy,55,10,0,0,2116,1,0,0,development
2342,My item is both damaged and missing a part.,my item is both damaged and missing a part.,Damaged Product Policy,43,9,0,0,2117,1,0,0,development
2343,The product arrived broken and incomplete.,the product arrived broken and incomplete.,Damaged Product Policy,42,6,0,0,2118,1,0,0,development
2344,My device has damage and one of its components is missing.,my device has damage and one of its components is missing.,Damaged Product Policy,58,11,0,0,2119,1,0,0,development
2345,The package contains a damaged item with a missing piece.,the package contains a damaged item with a missing piece.,Damaged Product Policy,57,10,0,0,2120,1,0,0,development
2346,I received a broken product and some parts are missing.,i received a broken product and some parts are missing.,Damaged Product Policy,55,10,0,0,2121,1,0,0,development
2347,The product arrived damaged and incomplete.,the product arrived damaged and incomplete.,Damaged Product Policy,43,6,0,0,2122,1,0,0,development
2348,My order has a defective item with a missing component.,my order has a defective item with a missing component.,Damaged Product Policy,55,10,0,0,2123,1,0,0,development
2349,The device is broken and not all parts were included.,the device is broken and not all parts were included.,Damaged Product Policy,53,10,0,0,2124,1,0,0,development
2351,The item is unusable and also missing a component.,the item is unusable and also missing a component.,Damaged Product Policy,50,9,0,0,2125,1,0,0,development
2352,My package arrived damaged and incomplete.,my package arrived damaged and incomplete.,Damaged Product Policy,42,6,0,0,2126,1,0,0,development
2353,The product has a fault and one part is missing.,the product has a fault and one part is missing.,Damaged Product Policy,48,10,0,0,2127,1,0,0,development
2354,The item arrived with damage and missing accessories.,the item arrived with damage and missing accessories.,Damaged Product Policy,53,8,0,0,2128,1,0,0,development
2355,My device is defective and incomplete.,my device is defective and incomplete.,Damaged Product Policy,38,6,0,0,2129,1,0,0,development
2356,The product was damaged in transit and a component is missing.,the product was damaged in transit and a component is missing.,Damaged Product Policy,62,11,0,0,2130,1,0,0,development
2358,My order arrived with a damaged product and missing parts.,my order arrived with a damaged product and missing parts.,Damaged Product Policy,58,10,0,0,2132,1,0,0,development
2359,The item is broken and missing one of its required pieces.,the item is broken and missing one of its required pieces.,Damaged Product Policy,58,11,0,0,2133,1,0,0,development
2360,I found both physical damage and missing parts after opening the package.,i found both physical damage and missing parts after opening the package.,Damaged Product Policy,73,12,0,0,2134,1,0,0,development
2361,Can I get help with a damaged product that is also incomplete?,can i get help with a damaged product that is also incomplete?,Damaged Product Policy,62,12,0,0,2135,1,0,0,development
2362,Can I request a replacement for my broken product?,can i request a replacement for my broken product?,Damaged Product Policy,50,9,0,0,2136,1,0,0,development
2363,My item arrived damaged. Can you replace it?,my item arrived damaged. can you replace it?,Damaged Product Policy,44,8,0,0,2137,1,0,0,development
2365,What are my options for replacing a damaged product?,what are my options for replacing a damaged product?,Damaged Product Policy,52,9,0,0,2139,1,0,0,development
2366,Can I get another unit because mine arrived broken?,can i get another unit because mine arrived broken?,Damaged Product Policy,51,9,0,0,2140,1,0,0,development
2367,Will you replace an item that was defective on arrival?,will you replace an item that was defective on arrival?,Damaged Product Policy,55,10,0,0,2141,1,0,0,development
2368,How do I request a replacement for a faulty product?,how do i request a replacement for a faulty product?,Damaged Product Policy,52,10,0,0,2142,1,0,0,development
2369,Can my damaged device be replaced?,can my damaged device be replaced?,Damaged Product Policy,34,6,0,0,2143,1,0,0,development
2370,I need a replacement because the product arrived broken.,i need a replacement because the product arrived broken.,Damaged Product Policy,56,9,0,0,2144,1,0,0,development
2371,Can I have the defective item replaced?,can i have the defective item replaced?,Damaged Product Policy,39,7,0,0,2145,1,0,0,development
2372,What is the process for getting a replacement for a damaged item?,what is the process for getting a replacement for a damaged item?,Damaged Product Policy,65,12,0,0,2146,1,0,0,development
2373,My product arrived unusable. Can I request another one?,my product arrived unusable. can i request another one?,Damaged Product Policy,55,9,0,0,2147,1,0,0,development
2374,Can a product damaged in transit be replaced?,can a product damaged in transit be replaced?,Damaged Product Policy,45,8,0,0,2148,1,0,0,development
2375,I received a faulty device. Is replacement possible?,i received a faulty device. is replacement possible?,Damaged Product Policy,52,8,0,0,2149,1,0,0,development
2376,Can I ask for a replacement after receiving a defective product?,can i ask for a replacement after receiving a defective product?,Damaged Product Policy,64,11,0,0,2150,1,0,0,development
2377,My item is broken on arrival. Can I get a replacement?,my item is broken on arrival. can i get a replacement?,Damaged Product Policy,54,11,0,0,2151,1,0,0,development
2378,Can you replace the product I received in damaged condition?,can you replace the product i received in damaged condition?,Damaged Product Policy,60,10,0,0,2152,1,0,0,development
2379,What can I do if the product needs to be replaced because it is defective?,what can i do if the product needs to be replaced because it is defective?,Damaged Product Policy,74,15,0,0,2153,1,0,0,development
2380,Is replacement an option for an item damaged during delivery?,is replacement an option for an item damaged during delivery?,Damaged Product Policy,61,10,0,0,2154,1,0,0,development
2381,How do I report damage to a delivered product?,how do i report damage to a delivered product?,Damaged Product Policy,46,9,0,0,2155,1,0,0,development
2383,What is the correct way to report a defective product?,what is the correct way to report a defective product?,Damaged Product Policy,54,10,0,0,2157,1,0,0,development
2385,I need to report damage to an item I just received.,i need to report damage to an item i just received.,Damaged Product Policy,51,11,0,0,2159,1,0,0,development
2387,What information should I provide when reporting a damaged item?,what information should i provide when reporting a damaged item?,Damaged Product Policy,64,10,0,0,2161,1,0,0,development
2388,How do I tell support that my product is defective?,how do i tell support that my product is defective?,Damaged Product Policy,51,10,0,0,2162,1,0,0,development
2389,Where can I report a faulty device?,where can i report a faulty device?,Damaged Product Policy,35,7,0,0,2163,1,0,0,development
2390,I want to report that my order arrived damaged.,i want to report that my order arrived damaged.,Damaged Product Policy,47,9,0,0,2164,1,0,0,development
2391,How should I report a broken item from my delivery?,how should i report a broken item from my delivery?,Damaged Product Policy,51,10,0,0,2165,1,0,0,development
2392,Can I report a product that was damaged in transit?,can i report a product that was damaged in transit?,Damaged Product Policy,51,10,0,0,2166,1,0,0,development
2393,What should I include in a report about a defective product?,what should i include in a report about a defective product?,Damaged Product Policy,60,11,0,0,2167,1,0,0,development
2394,How do I raise an issue about a damaged product?,how do i raise an issue about a damaged product?,Damaged Product Policy,48,10,0,0,2168,1,0,0,development
2395,I need to notify the company about a faulty item.,i need to notify the company about a faulty item.,Damaged Product Policy,49,10,0,0,2169,1,0,0,development
2396,Can I report physical damage after opening my package?,can i report physical damage after opening my package?,Damaged Product Policy,54,9,0,0,2170,1,0,0,development
2397,What is the process for reporting a product defect?,what is the process for reporting a product defect?,Damaged Product Policy,51,9,0,0,2171,1,0,0,development
2398,How do I submit a complaint about a damaged item?,how do i submit a complaint about a damaged item?,Damaged Product Policy,49,10,0,0,2172,1,0,0,development
2399,Where can I report that an item is not working?,where can i report that an item is not working?,Damaged Product Policy,47,10,0,0,2173,1,0,0,development
2400,What should I do first after finding damage in my order?,what should i do first after finding damage in my order?,Damaged Product Policy,56,11,0,0,2174,1,0,0,development
2402,What proof is needed when reporting a damaged item?,what proof is needed when reporting a damaged item?,Damaged Product Policy,51,9,0,0,2175,1,0,0,development
2403,Should I take pictures of the damage?,should i take pictures of the damage?,Damaged Product Policy,37,7,0,0,2176,1,0,0,development
2404,Do you require evidence for a damaged-product claim?,do you require evidence for a damaged-product claim?,Damaged Product Policy,52,8,0,0,2177,1,0,0,development
2405,What kind of proof should I provide for a broken item?,what kind of proof should i provide for a broken item?,Damaged Product Policy,54,11,0,0,2178,1,0,0,development
2406,Will photos help with a damaged product report?,will photos help with a damaged product report?,Damaged Product Policy,47,8,0,0,2179,1,0,0,development
2407,Do I need to keep the damaged packaging?,do i need to keep the damaged packaging?,Damaged Product Policy,40,8,0,0,2180,1,0,0,development
2408,What evidence do I need to show that my product arrived damaged?,what evidence do i need to show that my product arrived damaged?,Damaged Product Policy,64,12,0,0,2181,1,0,0,development
2409,Is a photo required for a defective product claim?,is a photo required for a defective product claim?,Damaged Product Policy,50,9,0,0,2182,1,0,0,development
2410,What documentation is needed for a damaged item?,what documentation is needed for a damaged item?,Damaged Product Policy,48,8,0,0,2183,1,0,0,development
2412,Do I need proof of damage to request help?,do i need proof of damage to request help?,Damaged Product Policy,42,9,0,0,2185,1,0,0,development
2413,What details are required for a damaged-product complaint?,what details are required for a damaged-product complaint?,Damaged Product Policy,58,8,0,0,2186,1,0,0,development
2414,Do I need to provide evidence that the item was faulty on arrival?,do i need to provide evidence that the item was faulty on arrival?,Damaged Product Policy,66,13,0,0,2187,1,0,0,development
2415,What should I keep as proof if my product arrives broken?,what should i keep as proof if my product arrives broken?,Damaged Product Policy,57,11,0,0,2188,1,0,0,development
2416,Can I report damage without photographs?,can i report damage without photographs?,Damaged Product Policy,40,6,0,0,2189,1,0,0,development
2417,What information is useful when making a damaged item claim?,what information is useful when making a damaged item claim?,Damaged Product Policy,60,10,0,0,2190,1,0,0,development
2418,Do I need evidence that the product was damaged during delivery?,do i need evidence that the product was damaged during delivery?,Damaged Product Policy,64,11,0,0,2191,1,0,0,development
2419,Is proof required for a replacement due to damage?,is proof required for a replacement due to damage?,Damaged Product Policy,50,9,0,0,2192,1,0,0,development
2420,"The package looks fine, but the product inside is broken.","the package looks fine, but the product inside is broken.",Damaged Product Policy,57,10,0,0,2193,1,0,0,development
2421,"There was no visible damage to the box, but the item is faulty.","there was no visible damage to the box, but the item is faulty.",Damaged Product Policy,63,13,0,0,2194,1,0,0,development
2422,The product itself was damaged even though the package looked normal.,the product itself was damaged even though the package looked normal.,Damaged Product Policy,69,11,0,0,2195,1,0,0,development
2423,I found the item broken after opening an undamaged package.,i found the item broken after opening an undamaged package.,Damaged Product Policy,59,10,0,0,2196,1,0,0,development
2424,The outer box is fine but the device inside doesn't work.,the outer box is fine but the device inside doesn't work.,Damaged Product Policy,57,11,0,0,2197,1,0,0,development
2425,"The packaging was intact, but the product has a crack.","the packaging was intact, but the product has a crack.",Damaged Product Policy,54,10,0,0,2198,1,0,0,development
2426,Everything looked normal until I opened the box and found the product damaged.,everything looked normal until i opened the box and found the product damaged.,Damaged Product Policy,78,13,0,0,2199,1,0,0,development
2427,"The shipping box isn't damaged, but the item inside is defective.","the shipping box isn't damaged, but the item inside is defective.",Damaged Product Policy,65,11,0,0,2200,1,0,0,development
2428,I received an apparently normal package with a broken product inside.,i received an apparently normal package with a broken product inside.,Damaged Product Policy,69,11,0,0,2201,1,0,0,development
2429,"The package wasn't damaged externally, but the item has a defect.","the package wasn't damaged externally, but the item has a defect.",Damaged Product Policy,65,11,0,0,2202,1,0,0,development
2430,The item was damaged even though the delivery box had no obvious damage.,the item was damaged even though the delivery box had no obvious damage.,Damaged Product Policy,72,13,0,0,2203,1,0,0,development
2431,I opened the package and discovered that the product itself was broken.,i opened the package and discovered that the product itself was broken.,Damaged Product Policy,71,12,0,0,2204,1,0,0,development
2432,The product has internal damage although the box looked fine.,the product has internal damage although the box looked fine.,Damaged Product Policy,61,10,0,0,2205,1,0,0,development
2433,What is the weather going to be tomorrow?,what is the weather going to be tomorrow?,Unknown,41,8,0,1,2206,1,0,0,development
2434,Will it rain this weekend?,will it rain this weekend?,Unknown,26,5,0,1,2207,1,0,0,development
2435,How hot will it be today?,how hot will it be today?,Unknown,25,6,0,1,2208,1,0,0,development
2436,Is there a storm coming?,is there a storm coming?,Unknown,24,5,0,1,2209,1,0,0,development
2438,Will there be heavy rain tonight?,will there be heavy rain tonight?,Unknown,33,6,0,1,2211,1,0,0,development
2439,How cold is it outside?,how cold is it outside?,Unknown,23,5,0,1,2212,1,0,0,development
2440,What is the forecast for next week?,what is the forecast for next week?,Unknown,35,7,0,1,2213,1,0,0,development
2441,Is the weather suitable for a picnic?,is the weather suitable for a picnic?,Unknown,37,7,0,1,2214,1,0,0,development
2442,Do I need an umbrella today?,do i need an umbrella today?,Unknown,28,6,0,1,2215,1,0,0,development
2445,Can you give me a simple biryani recipe?,can you give me a simple biryani recipe?,Unknown,40,8,0,1,2218,1,0,0,development
2447,What is a good vegetarian dinner idea?,what is a good vegetarian dinner idea?,Unknown,38,7,0,1,2220,1,0,0,development
2448,How do I bake a chocolate cake?,how do i bake a chocolate cake?,Unknown,31,7,0,1,2221,1,0,0,development
2449,Can I substitute butter with oil in cookies?,can i substitute butter with oil in cookies?,Unknown,44,8,0,1,2222,1,0,0,development
2450,What spices are commonly used in curry?,what spices are commonly used in curry?,Unknown,39,7,0,1,2223,1,0,0,development
2451,How do I cook rice without making it sticky?,how do i cook rice without making it sticky?,Unknown,44,9,0,1,2224,1,0,0,development
2452,What is an easy breakfast to prepare?,what is an easy breakfast to prepare?,Unknown,37,7,0,1,2225,1,0,0,development
2454,Why is my laptop running slowly?,why is my laptop running slowly?,Unknown,32,6,0,1,2227,1,0,0,development
2455,How do I take a screenshot on Windows?,how do i take a screenshot on windows?,Unknown,38,8,0,1,2228,1,0,0,development
2456,What does RAM do in a computer?,what does ram do in a computer?,Unknown,31,7,0,1,2229,1,0,0,development
2457,How can I free storage on my phone?,how can i free storage on my phone?,Unknown,35,8,0,1,2230,1,0,0,development
2459,How do I connect Bluetooth headphones?,how do i connect bluetooth headphones?,Unknown,38,6,0,1,2232,1,0,0,development
2460,What is the difference between SSD and HDD?,what is the difference between ssd and hdd?,Unknown,43,8,0,1,2233,1,0,0,development
2461,How do I update a graphics driver?,how do i update a graphics driver?,Unknown,34,7,0,1,2234,1,0,0,development
2462,My keyboard is typing the wrong characters. What can I do?,my keyboard is typing the wrong characters. what can i do?,Unknown,58,11,0,1,2235,1,0,0,development
2463,How do I learn Python from scratch?,how do i learn python from scratch?,Unknown,35,7,0,1,2236,1,0,0,development
2464,What is a binary search tree?,what is a binary search tree?,Unknown,29,6,0,1,2237,1,0,0,development
2465,Explain gradient descent in simple words.,explain gradient descent in simple words.,Unknown,41,6,0,1,2238,1,0,0,development
2466,What is the difference between AI and machine learning?,what is the difference between ai and machine learning?,Unknown,55,9,0,1,2239,1,0,0,development
2467,How does a neural network learn?,how does a neural network learn?,Unknown,32,6,0,1,2240,1,0,0,development
2468,What is overfitting in machine learning?,what is overfitting in machine learning?,Unknown,40,6,0,1,2241,1,0,0,development
2469,Can you explain precision and recall?,can you explain precision and recall?,Unknown,37,6,0,1,2242,1,0,0,development
2470,What is a transformer model?,what is a transformer model?,Unknown,28,5,0,1,2243,1,0,0,development
2471,How does attention work in NLP?,how does attention work in nlp?,Unknown,31,6,0,1,2244,1,0,0,development
2472,What is the purpose of a validation dataset?,what is the purpose of a validation dataset?,Unknown,44,8,0,1,2245,1,0,0,development
2474,Which programming language should I learn first?,which programming language should i learn first?,Unknown,48,7,0,1,2247,1,0,0,development
2475,What are good resources for learning data structures?,what are good resources for learning data structures?,Unknown,53,8,0,1,2248,1,0,0,development
2476,How do I improve my C++ skills?,how do i improve my c++ skills?,Unknown,31,7,0,1,2249,1,0,0,development
2477,What is dynamic programming?,what is dynamic programming?,Unknown,28,4,0,1,2250,1,0,0,development
2478,Can you explain recursion with an example?,can you explain recursion with an example?,Unknown,42,7,0,1,2251,1,0,0,development
2479,How should I practice LeetCode problems?,how should i practice leetcode problems?,Unknown,40,6,0,1,2252,1,0,0,development
2480,What is time complexity?,what is time complexity?,Unknown,24,4,0,1,2253,1,0,0,development
2481,How do hash tables work?,how do hash tables work?,Unknown,24,5,0,1,2254,1,0,0,development
2482,What is the difference between stack and queue?,what is the difference between stack and queue?,Unknown,47,8,0,1,2255,1,0,0,development
2484,Can you help me prepare for an interview?,can you help me prepare for an interview?,Unknown,41,8,0,1,2257,1,0,0,development
2485,How should I introduce myself in an interview?,how should i introduce myself in an interview?,Unknown,46,8,0,1,2258,1,0,0,development
2486,What should I wear to a job interview?,what should i wear to a job interview?,Unknown,38,8,0,1,2259,1,0,0,development
2487,How do I answer the weakness question?,how do i answer the weakness question?,Unknown,38,7,0,1,2260,1,0,0,development
2489,What makes a good cover letter?,what makes a good cover letter?,Unknown,31,6,0,1,2262,1,0,0,development
2490,How do I describe a project on my CV?,how do i describe a project on my cv?,Unknown,37,9,0,1,2263,1,0,0,development
2491,Should I include hobbies on my resume?,should i include hobbies on my resume?,Unknown,38,7,0,1,2264,1,0,0,development
2492,How can I improve my communication skills?,how can i improve my communication skills?,Unknown,42,7,0,1,2265,1,0,0,development
2494,How do I book a flight?,how do i book a flight?,Unknown,23,6,0,1,2267,1,0,0,development
2498,How do I apply for a tourist visa?,how do i apply for a tourist visa?,Unknown,34,8,0,1,2271,1,0,0,development
2499,What are some places to visit in Paris?,what are some places to visit in paris?,Unknown,39,8,0,1,2272,1,0,0,development
2500,How long should I spend in Singapore?,how long should i spend in singapore?,Unknown,37,7,0,1,2273,1,0,0,development
2502,How do I convert dollars to euros?,how do i convert dollars to euros?,Unknown,34,7,0,1,2275,1,0,0,development
2503,What should I pack for a winter trip?,what should i pack for a winter trip?,Unknown,37,8,0,1,2276,1,0,0,development
2504,How do I open a bank account?,how do i open a bank account?,Unknown,29,7,0,1,2277,1,0,0,development
2505,What is an index fund?,what is an index fund?,Unknown,22,5,0,1,2278,1,0,0,development
2506,How does compound interest work?,how does compound interest work?,Unknown,32,5,0,1,2279,1,0,0,development
2508,How can I improve my credit score?,how can i improve my credit score?,Unknown,34,7,0,1,2281,1,0,0,development
2509,What is a fixed deposit?,what is a fixed deposit?,Unknown,24,5,0,1,2282,1,0,0,development
2511,What is an emergency fund?,what is an emergency fund?,Unknown,26,5,0,1,2284,1,0,0,development
2513,What is inflation?,what is inflation?,Unknown,18,3,0,1,2286,1,0,0,development
2515,What is the capital of Canada?,what is the capital of canada?,Unknown,30,6,0,1,2288,1,0,0,development
2516,Who wrote Pride and Prejudice?,who wrote pride and prejudice?,Unknown,30,5,0,1,2289,1,0,0,development
2517,What is the largest ocean?,what is the largest ocean?,Unknown,26,5,0,1,2290,1,0,0,development
2518,How many planets are in the solar system?,how many planets are in the solar system?,Unknown,41,8,0,1,2291,1,0,0,development
2519,When did the first computer become popular?,when did the first computer become popular?,Unknown,43,7,0,1,2292,1,0,0,development
2520,What is the chemical symbol for gold?,what is the chemical symbol for gold?,Unknown,37,7,0,1,2293,1,0,0,development
2521,Why is the sky blue?,why is the sky blue?,Unknown,20,5,0,1,2294,1,0,0,development
2522,How far is the Moon from Earth?,how far is the moon from earth?,Unknown,31,7,0,1,2295,1,0,0,development
2524,Who invented the telephone?,who invented the telephone?,Unknown,27,4,0,1,2297,1,0,0,development
2527,How deep is the Pacific Ocean?,how deep is the pacific ocean?,Unknown,30,6,0,1,2300,1,0,0,development
2530,How do volcanoes erupt?,how do volcanoes erupt?,Unknown,23,4,0,1,2303,1,0,0,development
2531,What causes earthquakes?,what causes earthquakes?,Unknown,24,3,0,1,2304,1,0,0,development
2532,What is DNA?,what is dna?,Unknown,12,3,0,1,2305,1,0,0,development
2533,How does gravity work?,how does gravity work?,Unknown,22,4,0,1,2306,1,0,0,development
2534,What is the boiling point of water?,what is the boiling point of water?,Unknown,35,7,0,1,2307,1,0,0,development
2535,How do I lose weight safely?,how do i lose weight safely?,Unknown,28,6,0,1,2308,1,0,0,development
2536,What are some healthy breakfast options?,what are some healthy breakfast options?,Unknown,40,6,0,1,2309,1,0,0,development
2537,How many hours of sleep should an adult get?,how many hours of sleep should an adult get?,Unknown,44,9,0,1,2310,1,0,0,development
2538,What are good exercises for beginners?,what are good exercises for beginners?,Unknown,38,6,0,1,2311,1,0,0,development
2539,How much water should I drink each day?,how much water should i drink each day?,Unknown,39,8,0,1,2312,1,0,0,development
2540,Why do people get headaches?,why do people get headaches?,Unknown,28,5,0,1,2313,1,0,0,development
2541,What foods are high in protein?,what foods are high in protein?,Unknown,31,6,0,1,2314,1,0,0,development
2542,How can I improve my sleep schedule?,how can i improve my sleep schedule?,Unknown,36,7,0,1,2315,1,0,0,development
2543,What is a balanced diet?,what is a balanced diet?,Unknown,24,5,0,1,2316,1,0,0,development
2544,How often should I exercise?,how often should i exercise?,Unknown,28,5,0,1,2317,1,0,0,development
2545,What are common causes of back pain?,what are common causes of back pain?,Unknown,36,7,0,1,2318,1,0,0,development
2546,How do I care for a houseplant?,how do i care for a houseplant?,Unknown,31,7,0,1,2319,1,0,0,development
2547,How often should I water a cactus?,how often should i water a cactus?,Unknown,34,7,0,1,2320,1,0,0,development
2549,What plants grow well indoors?,what plants grow well indoors?,Unknown,30,5,0,1,2322,1,0,0,development
2550,How do I remove weeds from a garden?,how do i remove weeds from a garden?,Unknown,36,8,0,1,2323,1,0,0,development
2551,When is the best time to plant tomatoes?,when is the best time to plant tomatoes?,Unknown,40,8,0,1,2324,1,0,0,development
2552,How much sunlight does a money plant need?,how much sunlight does a money plant need?,Unknown,42,8,0,1,2325,1,0,0,development
2553,What soil is good for succulents?,what soil is good for succulents?,Unknown,33,6,0,1,2326,1,0,0,development
2554,How do I propagate a pothos?,how do i propagate a pothos?,Unknown,28,6,0,1,2327,1,0,0,development
2555,Why is my plant wilting?,why is my plant wilting?,Unknown,24,5,0,1,2328,1,0,0,development
2556,How do I train for a 5K run?,how do i train for a 5k run?,Unknown,28,8,0,1,2329,1,0,0,development
2557,What are the rules of cricket?,what are the rules of cricket?,Unknown,30,6,0,1,2330,1,0,0,development
2558,How is a football league table calculated?,how is a football league table calculated?,Unknown,42,7,0,1,2331,1,0,0,development
2559,What is a tennis tie-break?,what is a tennis tie-break?,Unknown,27,5,0,1,2332,1,0,0,development
2561,Who won the last World Cup?,who won the last world cup?,Unknown,27,6,0,1,2334,1,0,0,development
2562,What equipment is needed for badminton?,what equipment is needed for badminton?,Unknown,39,6,0,1,2335,1,0,0,development
2563,How many players are on a cricket team?,how many players are on a cricket team?,Unknown,39,8,0,1,2336,1,0,0,development
2564,What is an offside rule?,what is an offside rule?,Unknown,24,5,0,1,2337,1,0,0,development
2565,How do marathon runners train?,how do marathon runners train?,Unknown,30,5,0,1,2338,1,0,0,development
2566,What are the basic rules of chess?,what are the basic rules of chess?,Unknown,34,7,0,1,2339,1,0,0,development
2567,How do I make a presentation?,how do i make a presentation?,Unknown,29,6,0,1,2340,1,0,0,development
2568,What is the best font for a report?,what is the best font for a report?,Unknown,35,8,0,1,2341,1,0,0,development
2569,How can I make PowerPoint slides look professional?,how can i make powerpoint slides look professional?,Unknown,51,8,0,1,2342,1,0,0,development
2570,How do I add page numbers in Word?,how do i add page numbers in word?,Unknown,34,8,0,1,2343,1,0,0,development
2572,How do I create a table in Excel?,how do i create a table in excel?,Unknown,33,8,0,1,2345,1,0,0,development
2576,How do I convert a Word document to PDF?,how do i convert a word document to pdf?,Unknown,40,9,0,1,2349,1,0,0,development
2577,How do I send a large file by email?,how do i send a large file by email?,Unknown,36,9,0,1,2350,1,0,0,development
2578,How do I create a Gmail account?,how do i create a gmail account?,Unknown,32,7,0,1,2351,1,0,0,development
2579,Why is my email not syncing?,why is my email not syncing?,Unknown,28,6,0,1,2352,1,0,0,development
2581,How can I organize my inbox?,how can i organize my inbox?,Unknown,28,6,0,1,2354,1,0,0,development
2583,How do I create an email signature?,how do i create an email signature?,Unknown,35,7,0,1,2356,1,0,0,development
2584,Why are emails going to spam?,why are emails going to spam?,Unknown,29,6,0,1,2357,1,0,0,development
2585,How do I recover a forgotten email password?,how do i recover a forgotten email password?,Unknown,44,8,0,1,2358,1,0,0,development
2586,What is two-factor authentication?,what is two-factor authentication?,Unknown,34,4,0,1,2359,1,0,0,development
2588,What is cloud storage?,what is cloud storage?,Unknown,22,4,0,1,2361,1,0,0,development
2589,How do I share a folder with someone?,how do i share a folder with someone?,Unknown,37,8,0,1,2362,1,0,0,development
2591,What is version control?,what is version control?,Unknown,24,4,0,1,2364,1,0,0,development
2593,What is a Git branch?,what is a git branch?,Unknown,21,5,0,1,2366,1,0,0,development
2594,How do I clone a repository?,how do i clone a repository?,Unknown,28,6,0,1,2367,1,0,0,development
2595,What is an API?,what is an api?,Unknown,15,4,0,1,2368,1,0,0,development
2597,What is JSON?,what is json?,Unknown,13,3,0,1,2370,1,0,0,development
2598,How do I debug a Python program?,how do i debug a python program?,Unknown,32,7,0,1,2371,1,0,0,development
2599,Why am I getting a segmentation fault in C++?,why am i getting a segmentation fault in c++?,Unknown,45,9,0,1,2372,1,0,0,development
2600,How do I install a Python package?,how do i install a python package?,Unknown,34,7,0,1,2373,1,0,0,development
2601,What is Docker used for?,what is docker used for?,Unknown,24,5,0,1,2374,1,0,0,development
2602,How does Kubernetes work?,how does kubernetes work?,Unknown,25,4,0,1,2375,1,0,0,development
2604,What is SQL normalization?,what is sql normalization?,Unknown,26,4,0,1,2377,1,0,0,development
2605,How do I write a SQL join?,how do i write a sql join?,Unknown,26,7,0,1,2378,1,0,0,development
2606,What is an operating system?,what is an operating system?,Unknown,28,5,0,1,2379,1,0,0,development
2607,How do I make my phone battery last longer?,how do i make my phone battery last longer?,Unknown,43,9,0,1,2380,1,0,0,development
2608,Why does my phone get hot?,why does my phone get hot?,Unknown,26,6,0,1,2381,1,0,0,development
2609,How do I transfer photos from phone to computer?,how do i transfer photos from phone to computer?,Unknown,48,9,0,1,2382,1,0,0,development
2611,Why is my phone storage full?,why is my phone storage full?,Unknown,29,6,0,1,2384,1,0,0,development
2612,How do I enable dark mode?,how do i enable dark mode?,Unknown,26,6,0,1,2385,1,0,0,development
2613,How do I block unwanted calls?,how do i block unwanted calls?,Unknown,30,6,0,1,2386,1,0,0,development
2614,How do I scan a QR code?,how do i scan a qr code?,Unknown,24,7,0,1,2387,1,0,0,development
2615,Why is my Bluetooth not connecting?,why is my bluetooth not connecting?,Unknown,35,6,0,1,2388,1,0,0,development
2616,How do I back up my contacts?,how do i back up my contacts?,Unknown,29,7,0,1,2389,1,0,0,development
2617,What movie should I watch tonight?,what movie should i watch tonight?,Unknown,34,6,0,1,2390,1,0,0,development
2618,Can you recommend a comedy movie?,can you recommend a comedy movie?,Unknown,33,6,0,1,2391,1,0,0,development
2620,Who is the main character in this novel?,who is the main character in this novel?,Unknown,40,8,0,1,2393,1,0,0,development
2621,What is the best way to learn guitar?,what is the best way to learn guitar?,Unknown,37,8,0,1,2394,1,0,0,development
2624,How do I edit photos on my phone?,how do i edit photos on my phone?,Unknown,33,8,0,1,2397,1,0,0,development
2625,What camera settings work for night photography?,what camera settings work for night photography?,Unknown,48,7,0,1,2398,1,0,0,development
2626,How can I improve my handwriting?,how can i improve my handwriting?,Unknown,33,6,0,1,2399,1,0,0,development
2627,What are good books for personal development?,what are good books for personal development?,Unknown,45,7,0,1,2400,1,0,0,development
2628,How do I build a morning routine?,how do i build a morning routine?,Unknown,33,7,0,1,2401,1,0,0,development
2629,What are some ways to stay focused while studying?,what are some ways to stay focused while studying?,Unknown,50,9,0,1,2402,1,0,0,development
2631,What is a good study timetable?,what is a good study timetable?,Unknown,31,6,0,1,2404,1,0,0,development
2632,How do I take better notes?,how do i take better notes?,Unknown,27,6,0,1,2405,1,0,0,development
